,Ĵ, ,BERT_SCORE
0, ,ʿ ְ ĽŸ 15 ä ׳34,0
1, ,α Ʈ 54   ñ 05 ұݸ,0
2, ,˸øε 츮  Դ  ƴϰ  ġΰ ǥ   ö ȳ,1
3, ,׳  ǻ  Ǯ  𸣴µ   ظ  ε巯  ̵,0
4, ,ģ̶ 100  µ   ϰ    Ա 2 ְ   Ʃ̽Ű  Ⱥ 𸣴µ ,0
5, ,ڴ ްԼ ˰ε   ŭ Ÿ ָԴ´ ,0
6, ,     Ŀǳ    Ѱ ؼ   ,0
7, , ڸ  İ   ,1
8, ȸ,  óִ ε Ÿ ó Ű,1
9, ȸ,ȸ   ɷ  ѿ ¥̴  µ ¥  ƿ,1
10, ȸ,ѿ¥̴ 40   Ŵٴµ   پµ  ¥    ּſ,0
11, ȸ,ѿ¥̴ ȳŴٴµ ¥   Դϴ   ̿ ģ ȥ  ΰ Ծ,1
12, ȸ, ڸű մ ʹ  Ͻôµ ȸ  ÷ ŵ Űƿ,1
13, ȸ,̺  Ÿ  ־,0
14, ȸ,¥   Դϴ,1
15,ĭټҹ,ҹ 9500,1
16,ĭټҹ, óԴ ε ִ ,1
17,ĭټҹ,ſҹٵ ִµ Ծϱ ſ  ︱ Ƽ ſҽ ־  ҽ ϱ ׳ ҹ Ű ſ Ѵٸ ִ ͵   ,0
18,ĭټҹ,ణ ϸ鼭 ¬© ̴ ¶ε ԰   ̰    ҽ 񺭸԰   ٵ  ҷ  ־ ,1
19,ĭټҹ,湮ǻ ־ 㿡    Ծ,1
20, ī 'ƴ ִ ',    󶼶 ƽũ ߿ ϴϱ  ƽũ 񽺷 ̴ּ,1
21, f, ִ ٵ ݽ  찡 ִ   Ծ    ̴   ü  Ҵ ,1
22, f,¥ Դ Ⱑ 鼭 ؼ   ä   ִ ٵ  û   ,1
23, f,ݽ Ҹ   Ҹ  ٵ  Ѻκ ׳ ҸԴ   ѱ Ȯ ҷ ¿ ư   ,1
24,ô ,  2ܰ Ҵ ,1
25,ô , ε  ʰ  ڱ̾ ,1
26,ô , ε巯,1
27,ô ,¦  Ⳳ ,0
28,ô ,  ־  ,0
29,ô ,ȿ о  ׸ 鵵  Ա Ҵ ٵ  ,1
30,Ŀ,̹  Ƽ ȿø ߴµ ŸӼ ̤ 𸣴 п  ÷,1
31,Ŀ, ó Դµ  ʹʹ ģϽñ  Ƹ޸ī ¥ ִ,1
32,Ŀ,  ϱ Ƹ޴ ϴµ ʵԸ̶ ޴ ĿǸ Ծ ̰ ϱ ޴ϰ  Ѹ ,0
33,Ŀ,¥ Ѹε ư ־ ,1
34,Ŀ,ٵ ڸ   ڸ Ⱦϸ ȸԴ° ,0
35,Ŀ,̹   ,1
36,Ŀ,ʹ ԰;  ٿٿ ɾ Դ,1
37,Ŀ,ʲ 鼭 °Ű ʲ ָ ٴϱ   ּż ͼ ,1
38,Ŀ,ϸ ,0
39,Ŀ,⸻ б  ԾФФФ,1
40,Ŀ, ȵ    ־ŵ ,1
41,Ŀ,߿   ͼ ž Ф,0
42,Ÿ 赿,̶̺ õ  µ   ƴϾ ,0
43,Ÿ 赿, ǹ    õ Ǹ  ,0
44,Ÿ 赿,  ġ ſ ܹ ̺ 丶 ޴  Ư    ,1
45,Ÿ 赿,̺ ʽ Ҿ  Ÿ  ճߴµ ƽ,0
46,Ÿ 赿,ؿ    ٷ  ,0
47,Ÿ 赿,      ϱ  ѽ   ,0
48,Ÿ 赿, ѱ׸    ֹؼ ϰ  Ծµ װ   ƽ ,0
49,Ÿ 赿,     ູ߾,1
50,Ÿ 赿, ׸ ֱ׷ 𸣰ڴµ ŷ ƺ ,0
51,Ÿ 赿, Ź  ,0
52,ε,簡 ⸸ ϴٰ óôµ ʹ ־ ,1
53,ε, 12000 ̶ ⸧޹и9000 ޹и8000 ԰Դµ  ־,1
54,ε,θ  ó ְ   Ǵ°   ϴµ   ǰ ʱʱ ؼ Ҵ,1
55,ο,ȫ 3 û ,0
56,ο,  ־ 10 ٸٰ ,1
57,ο,ο8000 ѸԾ,0
58,ο,ణ 뱹  ⱹ  ߴ  ٵ ̰  ǰ̶ٸ  ٸ   ־,1
59,ο,  ƴϰ  Դ    ,0
60,ο,־,1
61,￪ ó !,ȫ ܿ ٸ   Ұ൵ ,0
62,￪ ó !, 𸣴 п  ڴ٤ФФ,1
63,￪ ó !,¥ ̾,1
64,￪ ó !,1ȣ Ÿ ٸ  ٰ ߿   ޹° ˾ƹ,1
65,￪ ó !,  Ÿ ٰ  ε ¥ ʹ   3° ٳȤФ,1
66,￪ ó !,̰ Ȥ Ǹ ,0
67, ɸ, Ÿ  Ÿ ̿ ø   ִ   ,1
68, ɸ,ſ ,1
69, ɸ, 7000̾ ſ ߰ϸ 500پŰ,1
70, ɸ,  νƮర ̾,1
71, ɸ, â̶ ϴ,1
72, ɸ,  ۿ  ,0
73, ɸ, ܹ ʹ  ̿ ,0
74, ɸ,ػ깰  Դµ,0
75, ɸ,׷  20000,1
76,, ģ ȫ̶ õ,0
77,, õ ̸ Ծ  Ÿ ˻ؼ ˰ ׳ νŸ 丮 ÷ȴµ  ģ  õص  ̷ ׳ ߴ,0
78,,·  § ؼ û ־,1
79,,§ Ⱦϸ  ©,0
80,,׸   Ŷ ǳ    ȳ,0
81,,ٵ  ҿ Ŷ  Ծ  ̴ ,1
82,, ׸ 尡絵 12Ǭ ־ Ծµ  ־,1
83,,湮 ǻ ,1
84,ӸĿ,̹ޱ ѴФ,1
85,, 3õ  3õε   ,1
86,, β   ϳ  ƴѵ   ̻ Ǯ ־ֽŵϴ,0
87,, ⵵  ƴϰ  ָӴ  ģϼ,1
88,,ڷη  մ پ Ƽ ÷,1
89, Ƽ,źθġŲ ޴ǿ ٷ   ޴ ġŲ Ʈ  ¼ ״µ źθġŲ ξ ־ 12000̾  ƿ 11000ΰ,1
90, Ƽ,Ŀ ġŲ丶亣̽ ñġ ̽ װ Ŀ  11000 ߴ  ƿ,0
91, Ƽ, ͳԴϴ 2500,0
92, Ƽ,ñġ  ¼ ī ó Ѻôµ ε巴 ũϰ ణ  尰 İ̸鼭 ¥ ʹ ִФ ,1
93, Ƽ,īҽ   ̰ſ  ⿡   Ǿ־   ʹʹ ־ϴ  ,1
94, Ƽ,Ŀ ׻ ҰͰ µ Դٺ 谡     ׸ ͳ ׻    ϳ  ,1
95, Ƽ,     μ ,1
96,̸, ٲǰ   ϰ Ƽ  ȥϷ µ ׸ ﺸ ϰ   οž ,0
97,̸,޴  þ ; ״µ ߱  ָӴ θ̼ ֹ ް ֹϰ Ͻô Ű ʹ  ,0
98,̸,  ״µ Ը԰   ϰ ܼ   ԰  ,1
99,̸,Ĵ翡 ƹ 뷡 Ʋְ մ  ȥڿµ   ϱ   ٸ ̺ ż ̻ ߱ ƮƮ  鼭  ۰ Ͻô ,0
100,̸,Ҷ  Ȥ ٲųİ  ÷ ׷ٴ ߿  ƴ϶ Ͻô  ˾Ƶ°ǰ,0
101,̸,ư  Ȱ   ϰ,1
102, '', ϴ  ָ,1
103, '',   ˷  Ұܤ,0
104, '', ٻٻ  ,1
105, '',     ʹ Ҿ,1
106, '', Ⱑ ֿ ö԰ŵ,1
107, '',׷      Դ,1
108, '', ǰ Ǫϴ,1
109, '', 븥  Ծ  ,0
110, '', ⼭ ó  ǰ ̻ ˾Ҵµ,1
111, '',1  񸮰 ؼ ִ,0
112, '',׸ ܹ䵵 Ȥ,0
113, '',ܹ   ó̾ߤ,0
114, '',   ξ   ԰  ѻٸ  ,0
115, '', Ϲ 屹 ƴ϶ 簡 ´,0
116, '', Ծ   ž ƴ,0
117, '',   屹 õ ,1
118, '',  ȫ뿪 ŭ ־,0
119, '',ȫԿ 10 ɾߵ,0
120, '',ö ȯؼ  Ÿ ° õ,0
121, '', ε ġ  ϴ   Ÿ ı ÷þ,1
122, ,Ļ ,1
123, ,µ ĽŸ ΰ 5500̶    ,0
124, , ˹ٳ  ʹ ļ    ʹµ  ִٰ    ,0
125, ,ٵ  δϱ,0
126,ȫ ȫ ó ݵ Ĵ硯,ȫԿ ־  ôµ,0
127,ȫ ȫ ó ݵ Ĵ硯,¥ ݴ  ̾,1
128,ȫ ȫ ó ݵ Ĵ硯,׸ ϴ  ¥ Ư ߴµ ,0
129,ȫ ȫ ó ݵ Ĵ硯,̰  δ  ϰھ,0
130,ȫ ȫ ó ݵ Ĵ硯, °    ִ  ,1
131,ȫ ȫ ó ݵ Ĵ硯,ġ ӱݴ  ޴    ,1
132,ȫ ȫ ó ݵ Ĵ硯,  ̰  8000̾,0
133,ȫ ȫ ó ݵ Ĵ硯,Ȥ  ɱ  ϰ ִ ̺Ʈ Ծ,0
134,ȫ ȫ ó ݵ Ĵ硯,    ϱ ٷ,0
135,Ŀؼ , ϳ̤ФФ,0
136,̽ ո (̴- ),չٿ ,0
137,̽ ո (̴- ),   ,0
138,̽ ո (̴- ),˴,1
139,̽ ո (̴- ),Ͽ âϿ ,0
140, ,  ó Ǵٴ  ùī   湮 Ұ    Ÿξ߸ ̱    ,1
141, ,ġ  ȸ  Ҿ 丮    Ⱑ ¥ ְ ī  Ѵ,1
142, ,    ,1
143,Ŀ,ھƸ ó Ծ,1
144,Ŀ,α,1
145,Ŀǳ.,Ŀǳ,0
146, ۷, 2   7 Ѽ 75000  ,0
147, ۷,ְ  Ƽ  õ,1
148, ҹ ,ΰ 縹 ֱ ,0
149, ҹ , ޶    ݾƼ Ф ̿ ̴ٰ µ  ־ õַ,1
150, ҹ , ҹ  ̶ ε,1
151, ҹ ,  2 ű 1 Ծ,0
152, ҹ ,2κп  Ѱ  µ ¥ Ǫϰ  ̤  β,1
153, ҹ ,۰  Ⱑ ޴ ̤̤̤ ϰ   ƴ϶  ߴµ ܷ ʹ ־ Ǽ  ,1
154, ҹ ,1κп 12000ε ¥     ̻̾,0
155, ҹ ,ű쵵 1κ ״µ,0
156, ҹ ,  ű ִ ٸ Ĵ鿡 ؼ ϰ ũ⵵ ߾ ۰ û ̱  ФФФФ   2 ݸӱ,1
157, ҹ ,    Ծ   ̵Ť̤,1
158, ҹ ,  ٸ Ͽ   Ͽ   ȳ̤ 򰥷   񽺷 ּ   ġ ä   κε Ǫؼ ,1
159, ҹ ,   Ⱑ ų ϰ ִ ⸦ ڴ μ ϴ  鿡 ,0
160,,  ݴ´,1
161,ݵ Ĵ, ó ݵ Ĵ,1
162,ݵ Ĵ, 8500ε ȫ  10 ſ,0
163,ݵ Ĵ,ع   ־ ȫ ó ÷,1
164,ݵ Ĵ, ߸ Ž̿,1
165,,  8500    Ἥ ó Ҹ  ʴ´ٰ ϴµ   Դ Ͼ«̶ ũ ٸ 𸣰ڴ ,0
166,,« ȸԾþ  𸣰ھ,0
167, ũ, Ͽ ŭ ġ η ; 湮 ũ ,0
168, ũ,ϳ ϴٴ ̾߱⸦ ͵ ־ 湮Ҷ  뵵 ,0
169, ũ,׸Ͽ ֹ ϰԉµ  ̻   ݰ,0
170, ũ,1 1 ⺻ũ ѵ̶,0
171, ũ,̽ Ƹ޸ī  Ϲٳ ġ̺,1
172, ũ,ļ 17800,0
173, ũ,ũ ϳ   󺸴ٶ   1 1ٶ ޴ ־,0
174, ũ,׷ ؼ ԰Ե ũ,1
175, ũ,ϰ ڸ  Ʊ ʾ,0
176, ũ, Կʹ 幰Ÿ ʰ ũ ü  ,0
177, ũ,̶ ٳ ̴ ְ,1
178, ũ,ű⿡ ũ ̴ ݱ Ծ ũ߿ ְ ,1
179, ũ, ˳ϰ ũ ԰ʹٸ ϰ ,1
180, ,ź,0
181, ,9000,1
182, ,ְ  ,0
183, , ⸸ ,1
184, κ붱JBD ,θ õ  µ ְ  Űƿ ,1
185, κ붱JBD , б    ̸ֹ ø Ÿ,1
186, κ붱JBD ,̹ ˻ϸ ġ Ϳ,0
187, κ붱JBD ,ֺ  ѵ  ̾  ÷ϴ ,1
188, κ붱JBD ,12ñ Ͻôµؼ 1 Ұ ƿ,0
189, ,  ٳ,0
190, ,   ī̼ 18000  ٰ ߴµ ¥ Ҹ ԰Ծ,0
191,簡Ʈ, 簡Ʈ ַ Ѵ,0
192,ȫ ,2 ָ ɸ԰  ã   ,1
193,ȫ , õ̶ ī   ִҿ ִٺ ġ  ̾,1
194,ȫ ,ٳڶ ĺιٸ Ѻôµ,1
195,ȫ ,ĺι Ư ٻŸ Ѻκа ˵   ,1
196,ȫ ,ڶ ٴ  ־ ⺻ ̳  ߱   Ʈ,1
197,ȫ ,ȫ 8⿡  Ƿ ĺιٸ Ѵٸ ѹ õغ  ,1
198,,ٽ   ٿ ,0
199,,  ٴ   о  ,1
200,, ڸ  Ͼ«Ͱ  « ΰ  ع ⸦  ־µ  «͸ ϴ,1
201,, Բ 庸   ÿε  « Ұ ſ  ö󰡼 ظ ټ ִٰ ǹִԲ ݴߴٰ ϽɾŸ,0
202,, « ϴ մ  ̺  尡縦 μ̰ 尡縦  Ǫ Ⱑ   Ƶ    «  ٰ   ,1
203,,׸   ƿ  ع̶  ֽð   Ǫ  ü 絵     Ƽ   ѱ׸ Ծ θ  ,1
204,,Ե  ģϼ̰ 庸´  ˷ּż   Ҵ ,1
205,, ε մԵ ǵ  ޾ ͸ װ ޴ ϰ Ͻó ڷγ  մ  ʾ Ͱ Ƚ׿  Ŀ  𸣰ڴٰ ϼ̴,0
206,,ü   ģ   ̾ 湮 ǻ ϸ  ģ鿡Ե  õ ,1
207,,ι°  尡 Ǭ  ,1
208,ŽŰģ,Ͽ ־ ã   ִµ ۴ ī ٷ Ʒ ֿ,0
209,ŽŰģ,  ĽŸ Ʈ ӽ ƮǮ  ΰ Ծµ Ѵ ʹʹʹ ִ,1
210,ŽŰģ,Ư Ʈ ϸ ,1
211,ŽŰģ, ¥ ƿϱ ̰  Ծߵ,1
212,ŽŰģ,  ĽŸ ־µ  Ʈ ǰ ʹʹʹ 񱳵 ȵǰ ,0
213,ŽŰģ, ȫԿ   Ⱦµ 湮 ܿ   츮ۿ °   ӱݰ  °ž 3  մ ôФФ,1
214,ŽŰģ,¥ ϱ   Ծ ׸ ڰ õ ʹʹ ,1
215,ŽŰģ,츮 ڿ ϴµ ڿ Ͻô  е ð     ڴ,1
216,Ǵ°, Ǵ° ٿ,0
217,Ǵ°, ģ  ణ Ӿ̱ѵ,0
218,Ǵ°,ɰ⼼Ʈ  Ѽ 긮 ־,0
219,Ǵ°, ణ ұݰ ⿳,0
220,Ǵ°, Ư վ,1
221,Ǵ°,  ķũ ø    ᳪĹħ ̳ ߽ Ƕ ־,0
222,Ǵ°,ö   ѷ ġ  ξ  縮 ֵ Դ°  ٺťҽ ־,0
223,Ǵ°,ұ ͻ ̳ ֽð ûϸ û߶ õ ֽ,0
224,Ǵ°,  հ  ϰ ͼ   Կ   ü ¬©,1
225,Ǵ°,ٵ   ̰̰ Ա⵵ ϰ ü ĥ Ƽ ¥ԸԴ ģ״  ,1
226,Ǵ°,Ƕƶ ġ ̶  μ  ϼ̴µ δ ׳ ׷,1
227,Ǵ°,ٵ پ ҽ ϰ  鿩Դ° ϸ ,0
228,Ǵ°, վµ ­ Դٰ ִµ  ϱ ԰Լ   ֽ,0
229,Ǵ°, ٸ԰ Ѷ꺺ʹ Ծ; ־ ణ ڴ    ġ ͹  ޴µ ġ ̽ ƴϰ ణ   ʶ  ʳ,1
230,Ǵ°, θ⵵ ؼ ٸ,1
231,Ǵ°,  ¾   ,0
232,Ǵ°,  ģϼ̰,1
233,Ǵ°,450׷ 30000̸     Ҿ,1
234,Ǵ°,ư ڷγ ñ   ܽ̾ٸ,1
235, ,    ȣ׵  33000,1
236, ,޴ ϳ 3 Ѱ ẻ ó̶ Ƽ  ,0
237, ,    ż ſ ,1
238, , δȴٸ ɸ޴9õ  ѹ  ,1
239, ,,1
240,,ƴϰ  ,1
241,,  Ĭ,1
242,,ϰ ִ ֵ,0
243,, Ƽ Ұ̳ ģ̶ 2 ø   ƿ,1
244,趼 â ȫ!,äâ 1κп 11000  2κ ׾,0
245,趼 â ȫ!, и  ٸ  Ѵٰ   ٸ  ñ Ѻýϴ ο ׾ 䰡   ,1
246,趼 â ȫ!,  ƿ ä  ְ 鵵  â 絵 ǰ ƿ   ̿ ,1
247,趼 â ȫ!, Ҵ    ޴    ϴµ   ޾Ƽ Ҿ ġ ɲ  şm ڴٴ  󱸿 ׸ â ϳ   ż߾ â ¥ εε   â̴ â ־ ⼭  ų  ƿ ,1
248,趼 â ȫ!,񽺷δ  µ  ÷ⱹ̾   ° 絵 ǰ Ҿ   Ϥ   Ҿ ѵ ⺻  ̶  â   ִٰ ϴ,1
249,趼 â ȫ!,߰ ¥ ϰ ̽߾ ׸ ޵  ͼ Ҿ 40и   ƿ ,1
250,趼 â ȫ!, ʰ  ڱ â Ͻø    ź ̳ 帶 Ĵ â̿,0
251,1976  , ͺµ    ұ  ,1
252,1977  ,۰  ȫ ϸ  ݰ20001000 3κ Ű  1κ  ֽŴ ,0
253,1978  ,ٵ  ⺸ ä  ִ,0
254,,ɵ 12000,0
255,,ȫ   ̹ ι° µ   ؼ ɵ ǽ,1
256,, żϰ  Դ¹ ģϰ ˷ֽ,1
257,,ϳ ƽ  ġ ż   װ    ,0
258,,̹ ڷγ 25ܰ  л  ܼ ̹  ȵǸ  ׸Ѱ ٰ Ͻ  ؿ ġֽ ϰ ʰǹ  ϳ Ҵٰ ϳ ,0
259,,ȫ   ʾ ڴ ,1
260,Ű, ó ִ ,0
261,Ű,ڷγ     ݾƼ,0
262,Ű,ó   ãٰ  ,1
263,Ű,    ־,1
264,Ű,⺻ ̶  Ƣ  ,0
265,Űģ,ġ콺ũ 280 42000,1
266,Űģ,Ÿ̰Żͳġ̵ ũĽŸ 18000,0
267,Űģ,غ ΰ е  ׷ ٽ   ÷,1
268,Űģ,ũ ݿ ؼ  ʹ  ̾ ̰ ģ ũ ݵ ȸԾ ĽŸ ׳  ־,0
269,Űģ,ε ο,0
270,Űģ,츮 극ũŸ ѽð  ó 극ũŸ  ؾߵȴܼҸ  10 15 ۿ ٸ㿡 ȭް ٽõ  ڱ׵ 극ũŸ 40 Ƽ  Ͻǰų ̼Ҹ ,1
271,Űģ,⺻ ׷Ÿ ٸ ̸ Ѵٰ  ,0
272,Űģ,̹ ٸ 극ũŸ ɸ г ¿ ű⼭  Կ ϰ Ծµ  ؼ ſſ Ǹ߾,0
273,빮  äâ ,Ʒۺ â ʹ µ ħ ȿ淡 ο ֹ ϸ â Ѻ,1
274,빮  äâ ,äâ 1κ   ޴ 1װ  12000,0
275,빮  äâ ,  ٸä  ִ ޴,0
276,빮  äâ ,â 1κ ߾Ĵµ ־ ϴ ,1
277,빮  äâ ,  ٵ ǽųŰ,0
278,빮  äâ ,ϴܿ    ʰ ణ ̶ؾϳ ָѻ ׷ߴµ ùԾȸʰ ޸ ¦ ϱѵ ְ ִ¸ſ ƴϰ ׳ ſ 縦  Ҵ߸,0
279,빮  äâ ,Ҹ ȳ ణ â   ٽϱؼ  ƴϿ ణ âİ̾ƴ϶ İ,0
280,빮  äâ ,ٴڿ ⸧,0
281,빮  äâ , ̶ ¿ װŰص Ҿִ  ҽ ȹ  ȸ,0
282,빮  äâ , ٵ   ,1
286,,ī  ƺ ó ƺ  ,1
288,,  ƴѵ  ,1
289,, 갰,1
290,, ä ӿ  ִµ ؼ ִ,1
292,,۱  ÷ Ⱑ  Ⱑ ƴ϶ ä ִ  ణ νŸ  µ  ߾,1
294,,    ణ ¥,0
296,,۰    ֽð     ÷̴ּµ ,0
298,,40 ٸ  ߿ ˷༭ û 鼭 ô  ˹    ҽ     40 ٷȴٸ û ¥ Ҿ ,0
299,,۱ ȸ ġ ߾   ɷ Ÿ,0
301,,ݵ  ƴ 1κд 15õ 2κ ̻ Ѿ ֹ ,0
305, , ȫ ϱ  ׷ ѵ û    ƴϱ⵵ ϰ  ȫԿ  Ŷ ø,0
307, ,ģ ߾Ƚ  ԰    Ծµ ߾Ƚ ذ  Ǿִ    ˸̶  Ѱ 𸣰 ־ ģ Ծ ִٰ ,1
308, ,   Ⱦ ʾƼ    ſµ   Ұ   ̰     ƴϰ   ó ִٰ Ծ  ,1
309, ,߾Ƚ  7900̾   9900̾ ޴ǿ   ġ ־µ ġ Ա    Ѵ  Ŵ,0
310,ĽƼ, ְ  ĽƼ ,1
312,ĽƼ,ִ,1
314,ĽƼ,   ,0
316,ĽƼ,   ,0
318,ĽƼ,Ƽ    ,1
320,ȣġ,ȣġ ٳԾ,1
321,ȣġ,ġ   ġ̶ ѰŰ,0
322,ȣġ,̶ ģ Ʈϳ  2 ߰ 2  ؼ 45°Ű׿,0
323,ȣġ,Ե ģϽñ Ҹ ƿ,1
324,ȣġ,Ư ߸첿ġ  õԴ,1
325,ȣġ,    ƴϱ ݴ ,0
326,ȣġ,  ġƿ,0
327,ȣġ,̳ 轺Ʈ ߸챸̶ ಿġ,0
331, ġī, 6,1
332, ġī,6 ΰ 7 ʿ ؼ ̹   1η θ ð ٳԽϴ ,0
334, ġī,ϴ ü   ٴ  ޾ҽϴ   ó  Ծ  ٸ ʹ ؼ ŭ   ߾ 꿡  信   ٰ ؼ     Ŷ ϴ §ٴ  ΰǴ  Ͻ   ƿ ,1
336, ġī,  ̼ ϴ ̰ ڸ 8 ־׷   ġؿ  6 Ǿٰ ϼ̴µ  ϱⰡ ϴ   ɾҴ   Ŀ  ںν ż  ϼż ̰ Ļ  ־ ,1
337,ƹ, ް ִ ƹ ,1
339,ƹ,࿡ ϴ ,0
341,ƹ, Ծôٴ    Դٺ  ߲   Ƹ԰ ʹ   ϴµ ,1
343,ƹ,ƿ ౹ ̽ ؼ   ,0
345,ƹ,  ڰ ϰ ߲Ѱǵ  鿡  ƽ ,1
347,ƹ,̽ ƹ ̴  ᰡ νϰ Ե  Ų㺼 ûä ٰ İ    ƽ ´ ,0
349,ƹ, ϰ ٸ ǸҲ ٸ 丮 ϸ ׷ ̶ִ  ,0
351,ƹ, ϸ ѹ ,0
353,Ŀ,ʶ׽ϰ   ٸ ĵŷ ƾƳ  ϰ,1
354,Ŀ,Դµ Ŀ Ű ̴ϵƮ ᷡ,1
355,Ŀ,Ʈ̽ũ    ġ ġ ũ ,1
356,Ŀ, ѵ Ф    ,1
357,Ŀ,ī  ĿǶ ī   ü  ,0
358,Ŀ,ƾ 3500 ¥ Ųǵ ũ༭  ູ ũ ¯ SS Ĳ p ̾,1
360,Ȳ,ȫʿ Ȳ  ٰ ؼ ôٰ  ʹ Ʊ ı ϴ٤ФФФ ,0
362,Ȳ,ɵ 쵿 ѸԾµ  β  ⸧   ʹ ؿ  ҽ   Ѿ °ſ,0
363,Ȳ,쵿 鵵   ; Ծ,0
364,Ȳ,ĸ ο ׷ ٵ Ź  ĸ û ƴٴϰ  ַ ϴ  մ ۿ ŵ ׷ е Ѹ ϴ°  鸮 ؼ  巯䤾,0
365,Ȳ,ͼ ǳ ,1
367,Ȳ,  ,0
369,Ȳ,  ī  ĸó߽ϴ,0
372, Ÿ,±   ̻ ǿɼ ,0
374, Ÿ,ƴϰ ѻغ̴µ  ߵؼ  óФ  ־ ҹ Խϴ,1
375, Ÿ,c ĽŸ  ϰ ä Ǵ⵵  ,0
376, Ÿ,־  湮,1
378,̿쵿,̿쵿 װ 6000,1
379,̿쵿,3  ⸻  װ Ծ      3    ® ͵    § ̶ ׷ ϰ  ҷ Ƣ  Ŵ ٵ  ̿쵿 ְ޴ ī   װɵ ֱ  ڷ쵿 ϱ  Դ  ȣϸ ڷ õ,1
383, ÷θٹ, ߽  ̶   « ¥ ־    ð  Ϸڶ  ϴ ġ  Ǫ ̿,1
385, ÷θٹ, ڱ̰ų ġ  ʰ    Ű鼭 Ҹ Ҵ «Դϴ Ǵ⵵ Ǫ߰ ä   ־ Ҿ δ  Ծ «߿ ְ   ģ ִٰ ϴ  « 8000Դϴ,1
387, ÷θٹ,嵵 ϰ Ҿ ٸ     µ ȥ䷯  ʾҽϴ٤Ф ġ ε κ̿ ῡ õ ִ  ƿ,1
389, ÷θٹ,« ԰ ʹٸ  õմϴ,0
397,,  ÷ ̾     ڶϰ ;  Ƽ׾,0
399,,Ƽ 8600ΰ8400ΰ  ġƽ Ƣ 2800   2000,0
401,, û  Դµ ¥  Ҹ   ˴,1
403,,Ƽ   û Ƽ 㿣 ſ ߰ҵ ,1
405,,ƽ Ƣ Ʈ  ڴ ,0
406,,,1
407,, ־,1
408,,ݼ ߰ ʼ 븥    ä ̸Դ  ̶ ,1
409,,Ƣ ִ ,1
413, ,ݿϿ µ   ڸ  ,1
414, ,簥 ÷ Ծôµ ¥  ,1
415, , ø̴   ģ  ,0
416, ,Ե  ֽŰ  θ,1
418,/ũ,8ⱸ ʿ  ũ  ̰ Ĵ ,0
420,/ũ,ũ並 ״µ 20 ٷȴ,1
421,/ũ,    ִµ   6 մ ֹް ԰ ,0
422,/ũ, ũ丸 ̷ ɸ°ɱ ,0
424,/ũ, 츮 ƴ ũ  ް ް ޴,1
425,/ũ,ٵ ȫ뿡 ũ ؼ ũ ԰  ۿ  ,1
426,/ũ,  ̷ ٸ  ʰ,0
427,/ũ,׷ ȯҹް ׳ Ŵ,0
428,Ű,Ȳݹ뷱  Ű,0
429,Ű,  4550,0
431,Ű,  Կ  ȯ  ޽ ,0
432,Ű, ηº    ,0
434,Ű,  ȵ  Դϴ ,1
435,Ű,ġ  ຸ ణ  б  Ӵϱ Ͻð,1
437,Ű,۷θ ϸ Ӹӿ  ȵϱ ̶  帮ڽϴ,1
441, ˷, 3õտ Դ ±Ĵ,1
442, ˷,ݴ밡  ִ ̶  ԰,0
444, ˷, Ÿ  ſ   ۽,1
445, ˷, δ   ô  3 Դ´,0
446, ˷, ٰ  ,0
448, ˷,  ְ    ٵ  شٰ ϸ    5߿ 3,1
452,  ,ǰ ޸   ־,1
453,  ,丮 Ѻи ôµ  ʾ ھ,1
455,  ,ƺī  ; Ƽ  ¥ ־,1
457,Դ°,󸶴  ִ Դ  ,0
458,Դ°,¥  ؼ,1
459,Դ°, 3ðȸ ° ϰ,0
460,Դ°,׷ٺ   غؼ ,1
461,Դ°,  ̻ ȵǴ ͵  µ,0
463,Դ°,  ʹ ־̳,0
465,Դ°,ȵǴ ĵ  ޴  ٲٴ,1
466,Դ°,ֹ  ̸  ϴ ؾ,1
468,Դ°, ޴  ϸ ڴ  ,0
470,Դ°,θ̶  Դµ  ˼,0
472,Դ°,ű  µ  ܿ Ź ġ° ,1
473,Դ°,Ƽ ֹ ϰ ٸ ,0
475,ȭ,ȭ   ſ Į Դ¸̾ ԰     Ÿ  淡 ߴµ ΰ ʹ,1
479, Ÿξ,ῡ ȸ ԰; ͺþ,1
481, Ÿξ,   ̰,1
482, Ÿξ,  18000Դϴ,0
484, Ÿξ, Ծµ   Ȯ 鼭,1
485, Ÿξ,  Ʈ ϰ ÿ Į,1
487, Ÿξ,Դϴ ,1
489, Ÿξ,ڸ ޴  Ϸ;߰ڴٴ  ,0
491, Ÿξ, ȸ  ı ڽϴ,0
493,߹ߺκ,â  ߹ߺκ,0
495,߹ߺκ,Ÿ 鼮ϱ淡 ,1
497,߹ߺκ, Ŷ ſϴ ,0
499,߹ߺκ,߹ߺκ  ̴߹  ְ ſ ,0
501,߹ߺκ,   ,0
503,߹ߺκ,ģ1 ȸſ   µ ִ,1
504,߹ߺκ,ģ2 ְ ߵ §,0
506,߹ߺκ,̵ 礡ߵ ӱ۰,0
508,߹ߺκ,ٵ  ӰŹ ,1
509,߹ߺκ, ǿ÷,1
511,,ɵ ־ ,1
512,,Խ  ɵ   µ ĥ    ö淡  Ⱦ,1
513,,1뿡 µ  4° մ̾,1
514,,   겲 Ծµ 忬 ̾    ʹ   ʰ ߴ  ,1
515,, 絵 Ƽ  ų  ʾҾ,0
519,ؿ ,ĵ 8500,1
520,ؿ ,ƿ丮  ٺ ִ ,0
521,ؿ ,б  ֱ   ó ѹ 鷯ñ ,1
522,ؿ ,ϴ ̶ֹ ԰ ؼ  ,1
523,ؿ ,۰ İ  żϰ  ׾ֽ ,1
524,ؿ , 巴  ,0
525,ؿ , Ƽ ҷ,0
526,ؿ , ޵ Ͻôµ ġ ,0
527,ؿ ,,0
530,̳Ĵ,ҹ 7900,0
531,̳Ĵ, Ĺ ܹ ߼Ϸ °,0
533,, ı 쵿 Ծ,1
534,,ִ ü  Ҿ ĥ ,1
535,,Ҿ         ,1
536,, 㿣 ̺ Ծ,0
538,ĺ긮ī,ĺ긮ī ̷ ߾,1
540,ĺ긮ī, ־ ī߹ 缭 Դµ,1
541,ĺ긮ī,ī  ʹ ȳ ϳ ȴ޾Ƽ,0
542,ĺ긮ī,ô ̰ ,0
543,ĺ긮ī,  β ߷־ ̾µ,1
544,ĺ긮ī, ִ  ,0
546,ĺ긮ī,  ߶ ޶ ؼ  ԰  ž,0
549,Ʈ Ű,  źϷ5 18 1  138ȣ,1
551,Ʈ Ű,Ķ̵ ġŲ ݸ,0
553,Ʈ Ű,״ Ƣ  ߷ ġŲ Դϴ ٸ ϰ ̴  ̸ Ƣܳ ׾Ƶδ Դ ƴϰ ֹ ٷιٷ Ƣ° ϴ ݸ Ķ̵忡   7 ־ϴ,0
554,Ʈ Ű,Ծ ߰ Ƣ Ѵ ⺻ Ǿ ˼ ־ϴ ˷ȴٽ ٷιٷ Ƣ⿡   ־,0
555,Ʈ Ű,λ       ־Դϴ ׷ٰ ġŲ ε巯° ƴϰ      ̶ Ͻø ˴ϴ,0
556,Ʈ Ű,׸  ſ մϴ  ְ   ݸ Ծ ¥ Ա  찡 ִµ Ư ش  ּ  Ը Ǹϱ,0
558,Ʈ Ű,ƽ    ǳ  ϴ ̺о ְ  Ե  µ   ũǸ Ծ    带 Ҵ ﳳϴ  Ʈ Ű  ϴٸ   ƴϾϴ,1
559,Ʈ Ű,׸  Ե  ƽ  κп   ְ䰡    ϴ,1
561,Ʈ Ű, ֽô ҽ  ô°  Ծ   巯    ϰ ڱԴϴ ׷ٰ  μҽ  ڱ ʽϴ Ķ̵ ҽδ  ġŲ ҽ ״ Ѵٸ ︱ ǹԴϴ,0
563,Ʈ Ű, ġŲ κ ȭ 뿡  ġŲ̶°  翬  ̱⵵ մϴ   ƴԿ  ε  ϰ ִ ̶ Ǳ⿡ λԴϴ  ƽ  پ ߴٴ° ⺻ ȵǾִٴ° ƴմϴ   Ը  Ը ƴ  õص帮 ͽϴ ѹ źŵ ȸ ϽǰŶ մϴ,1
564,Ʈ Ű, 405,0
565,Ʈ Ű,Ÿ ιԾ õ帮 ̴ϴ ġ ó 3 л ֹϱ⿡ Ұ ϴ ð 1525   α Ķ̵ ݸ 10000 Ѹ 16000  1000 ,0
568,Ʈť,︲ ұ ʿ ־  ֱ ѵ ¥¥   2  µ  ־  ,1
569,Ʈť,ǥ ޴ ߳īε ġī̽     ؿ Ÿھ߳īε   ־ Ф ۰  Իũɵ ̰,1
570,Ʈť,׸ Ե ʹʹ ģϼ ¥   ȵȴٴ  ø ī ϴ    ,1
572,簨,ȫ 8 α ũ  α 簨,0
573,簨,ع  ɰ ,1
574,簨,  Դٰ ϴ  ¥ Ͻø ׳ ,0
575,簨,  ԰  ;µ ̹   ־,1
576,簨,߿ ̳   ٽ ø鼭 ǰųİؼ ƴ϶ ߴ ѹ ׷  ȵô󱸿 ¡ũƮ츶 Ͻð ;  е ̷鼭 ,1
577,簨,׷  Ų ԰    ٸµ ̹ ⿡ ĸ ɾƼ   ,0
578,簨,8000̶ ݿ   絵 ζ ٽ   ,0
580,,Ŀ  ٰܹƮ,1
582,,  ؼ ̵ ˰ ׷ ÷;  ٰܹƮ  ִ°    ġġƹŸ,1
583,̷,չٿ ϴ»  ,0
584,̷, ϴ» ,1
586,̷, ̷ ̴  ,1
588,̷, Ÿ Ĵ ġϴٰ ͔fµ ¥   չٿ SSϰ  ̰ܶ Ըε ܴܹ̿ ̸򰥸 ̰ ¥   Ḷ⺺  ¥ ְ ٵԾ   2б⿡   ̰Ը    ,1
590,̷, ñ չٿܴܹ̿ ؼ  ̰   ڰ  ̺ ־ ȥ䵵 Դϴٿ,1
593,ں,ݹ  19000,1
594,ں,ִ  5000 ũ 7000,0
596,ں, Ѱ ƴ ̾  ,1
597,ں, پؼ   ʹ,0
598,ں,  ġ õ ,1
600,ƺ,ȫ ƺ ߲Ƣī8500  ư4000,0
601,ƺ,߲Ƣ ȫ뿡 ִ ƺ  Ǵٰ ,1
602,ƺ,ī Ⱦϴ ε  Ⱦϴ  ϳ ȳ ¥ ־̤    ,1
606,ȭ,й  ̷ Ÿ ø  ó̶ αٵα,1
608,ȭ,     4뿡 Ĵ ãƴٳµ 귺Ÿ   ū  ԰ ; ϴٰ ȭ࿡   ͺþ ,0
610,ȭ,ֹ ȭ 1ܰΰ ,1
612,ȭ,ĮĮѰ ԰ ;µ  ϴ Ŷ Ҿ ٵ ̶⺸ٴ ణ 쵿 ׷ ̾,1
614,ȭ,ο  ſ ̸   ̶ ̰ ε   Ŷ鵵 ſϴ  ŹҰ ,1
616,ȭ, ¦ Ư 踸 Ⱥҷ  Ƹ԰ ;ٵ  500 ߰ؾߵǤ,0
618,ȭ,  ɸ  ƴѵ ȭ   3   ٷ Ǿ  ϸ 1ð      ,1
621,ڸ ֽĴ,ȫ  հ ̿,1
622,ڸ ֽĴ,ʸٰ ÷簡ôµ,0
623,ڸ ֽĴ,2Ѿ ȥڿ,0
625,ڸ ֽĴ,ġ 2ñε  ׳ ġ̴ּ,1
626,ڸ ֽĴ,α׿  ŷѰ͸ ̷صμż  Žñ 󰡼  1  ̽ŰͰ  Ÿ,0
628,ôٸ,ô   ̻  Ծ ,0
630,ôٸ,ϴ ̾µ ,1
632,ôٸ,̰  ϱ ,0
633,, ɵ 12000,0
635,,   ϴٰ  ͺ,1
636,,ɵ ְ ޽þ߶  ٸ ,1
637,,Ÿ ۿ   ġ  ܹ   ŭ,1
638,, ó̳İ  ֽð ģ  ּż    ħ  Ŷ ,1
639,,ͻ   Ծ  ޶ ߴ ٸ ׸   ּż Ҿ,1
640,,մ  ־  ԰ ִ ε 3    ־,1
642,,35  극ũ Ÿ̴ϱ ؼ ,1
644,, ȵ,0
645,,   ִµ ʹ  絵 ʹ  ,1
646,,⸧ ణ   ״ ٽ  ,0
650,ôٸ, ϱ ֳ׿,1
651,ôٸ,  õ̾µ  ٲ,0
652,ôٸ,ݶ  ּ̾,0
653,ôٸ,100 1500 ġ 1000 Ұ ߰ 3000 ֹּݾ 6000,0
655,ôٸ,    ߿      ̰  ,1
657,ôٸ,ǵκ Ǫ ûä  ̹ ̹  θ и     ְ κ  ߷־  Ѱ ,1
658,ôٸ,ٵ û  µ    ʹ ƴ ݸ  Ƶ  ݹ ö󰡰 絵    ؾ,1
660,ôٸ,ٷο ٻѵ ҽ ŭ  ؼ  ¦¦  ִ,1
662,ôٸ,  ϴ¸ŭ   ִٴ  ,1
664,ôٸ, 100 1200ΰ 1300̾µ ۳ Ĺ  ϸ鼭  ö ƽ  ,1
666,ôٸ,ȫ9̶  б ׷  ʾƼ  ,1
668,׸,Ʈ    ׸̸ ҽϴ,1
669,׸,   νŸ̿  Ź帲,1
671,׸,н ȣл ߰ߴµ 켱 ־ ,1
672,׸,Ʈ ٴϰ ȣл̶  ȳȱε  ƽ   ġ ʹ ޾Ҿ̤ ,1
673,׸, ׸Ʈ  ΰ Ф н ణ Ϻ ̾ ,1
674,׸,׷ ȳȱԴϴ ѹ ,1
678,žپ,޴ 丮 11000,0
679,žپ,ִ° 峯 쵿 Ƣ Ƣ Ƣҽ عġ,1
681,žپ,峯35  ̶  ִ° 信  Դ°    Ƽ ƽ ,1
683,žپ,쵿 ׳ 𼭵   쵿̴ н ƯѰ ,0
685,žپ,Ƣ15 ٻѰ  ѵ ʹ ⸧  ҽ 㰡  㰡 Ծ ϴ,1
687,žپ,Ƣ25 ߰ ü   ̰͵  Ϻ Ƣ Ƣ ٻ ٽ° ŷε ̻  ٻ ٽ   õ ĺ õ ưư,1
689,žپ, ް ¬© 庣̽ ҽε   ׸ ִ° ҽ  Ƣ Ѱ 翬Ѱ װ ҽ ȭŰ° ߿  Ҿ  ɽؼ  ִ Ƣ ⸧ Ŀϱ⿣   ̷  ҽ ſ Ƣ   ϰ °  ƴϸ ҽ     ְ Ծ ,1
691,žپ,ع15 ġ   ģ Դµ  ü ϱ  ׳ ġ   ļ   巹ΰ  𸣰ڴ   ȭŰ  ƴ϶ ƽ,0
693,žپ,55  İ   Դ ε ̰ ԰  θ γ ߸Ծ,1
695,žپ,湮ǻ ,1
696,žپ,ҽ ٲų Ƣ  Ϻ ٲٴ ҽ ´ٸ ٽ ã  ִ   Ȱž,1
700,ĺ긮ī,ü տ  2 ߴ󱸿,0
701,ĺ긮ī,   ִµ Ư ũ ƾФ̤ ũ  ϴµ ⲫ  ƾ,1
702,ĺ긮ī,ű鼭   پ ƽ ϳ غϴ٤,1
704,ĺ긮ī,ٴٴٴٱ,1
705,̺Ÿ,̺Ÿ µ 信  ,1
706,̺Ÿ,Ƹ  ٴڿ  ̷ ,0
707,̺Ÿ,ȯ ް Դµ ణ Ǹ,0
708,̺Ÿ,ư ,0
709,ġ,ġ ġŲ 5500,1
710,ġ,ű   ,0
711,ġ,ġ ٻϰ θο 丶 ҵ,0
712,ġ, ̷Գ ־   ¬¬ 佺ؾϳ   ܻ쿡 ܶ   ,0
713,ġ,ϱ   弼,1
715,ۼ,  ǹ ڸ   ۼ,1
716,ۼ, ɲŰ ڸڽ   ׸ Ȱ ɸ  ,0
717,ۼ,ٵ ̴ϱ ȫ   ִ   鷯,1
720,ǽ , ⿡     ϸ  Ʈ,0
721,ǽ ,ӷŰ     ,1
722,ǽ ,ī  ֱߴµ ī ƴϰ ī̾ ٶ,0
723,ǽ , ū ũƿī ũ  ִ ӷ 6õ̰  ﰢ 3õ ݴ밡  ֱѵ   û ¯,0
725,ǽ ,׻   ìּż ν ôٰ ߾µ  ͳ ״ٰ Ӱ    Ը  Ưؼ Ǹ Ⱦ,1
726,ǽ ,׶ ¥ û 幮  亯 ּ̾µ ۺ ȯֽŴٴ   ٰ ϴϱ 㿡  ǰ ֽðڴٰ ϼ,1
727,ǽ ,̹ б±迡   ̶ 帮ϱ ǰ ûֽ,1
729,ǽ , ı  Ⱦµ ̰Դ  ؼ̤̤̤ Կ ͼ ö µ ڿ  ҷ ô  ī ǰ ֽô  ߴٰ  Ǵ Ÿ    پ,1
730,ǽ ,ǰ ʹ ѵ ̷ ϳ  ìֽô    ϰ ̶ ̷ ı  淯  ߴٱ̤̤̤,1
732,ǽ ,ǿ   Ͻð  ñ,1
733,ǽ ,޴ޱ ų ӷŰ ԰ ѹ õ,1
736,ݵ彺 ,öǾƴϰ  ̽ũ ,1
737,ݵ彺 ,⺻ ΰ,0
738,ݵ彺 ,ȫ,0
739,ݵ彺 ,ġ,0
741,ݵ彺 ,ֱ ѵ   ö  ϴ° ƴϸ  ݿ   ̽ũ,0
743,Ʋֽ,  Դ,0
744,Ʋֽ,Ʋ 꽺  꽺,1
745,Ʋֽ,ó ͺ,0
746,Ʋֽ,2б⿡ ϸ ǳ ;,1
747,Ʋֽ,,1
749,߹ٸ,߹ٸ 6000 ,0
751,߹ٸ,Ļ ı ̹  ,1
752,߹ٸ, ٸ  ,0
754,߹ٸ, 굵 ȵ ,0
755,߹ٸ, ġ   µ ,0
756,߹ٸ,  鼭  ߹ µ,0
757,߹ٸ,   ϱ 鼭  ֽô,1
759,߹ٸ,  Ƹ԰  µ п  ,1
760,߹ٸ,    帱   ,0
761,߹ٸ,߹ٸ     ھ ¥,0
763,,̷ ¥6000  ¥ 6500,1
765,,ȫн ̤   ؿ䳲  ص,1
770,ȸ,־粿ġ  ִ   ߱ ,0
771,ȸ,뱹̶ ̶   ̷ ,0
773,ȸ, 뱹̶    â Ծôµ,0
774,ȸ,뱹   û  ٵ ó   ¥ ߰ſϱ  ׳ 뱹̶ ū뱹   8õ  Ը Ҹż뱹 ξ ־ ,1
776,ȸ, µ   ¥ ,1
777,ȸ,ֺ  Ĵ  µ ¥ ⼭    ԰ ʹ ־ 鼭  絵 ¥ Ǫ 嵵 8õ ,1
779,ȸ, ؼ ְ ϴ  ⳻   ȳ ַ  â  ȳ ̱̱ 󸶿   ȳ ణ ̰ ΰ  ,0
781,ȸ,б   ־ ٵ 뱹̳  ԰ ,0
782,ȸ, Դ ߿  ֹ Ҹ 鸮  ޵ ϴ ,0
783,Ŀ, Ŀ  Ƹ޸ī ,0
784,Ŀ,4500 ⺻ ū ,0
786,Ŀ, Ƹ޸ī Դϴ,1
788,߲,߲  Ұ߽ӹ 6000,1
790,߲,翡  ϴٰ 8ð Ǿȴ,1
791,߲,׳  ߲,0
792,߲, ݳ⸸ °ǰ,0
794,߲, 迹 帮 鼭,0
796,߲, õ ϵ ,1
797,߲,츮  ̷ ̷,1
799,߲,ڸ  ,1
800,߲,ݳ⵿̳ ߲ Ȱ ,0
802,߲,̷ο  Ҹ ,0
803,߲,ϰ ò ī ο䰡,0
804,߲,   հ Դ,1
805,߲, ĵ Ǵ ̳̾  ,0
806,߲,Ի ѹ ° õؿ,1
807,߲,  ,1
809,߲,ī  Ƕ  ,1
810,߲, ϸ ׳   ۿ ˴ϴ,1
812,߲, ٸ԰     ÷ؿ,0
815,ͻ󽺽,ʹ ԰; Ÿ µ ǰ ʱʱϰ ־ Ư 찡 ־µ   ϽŴٰ ϼ̴    ,1
816,ͻ󽺽,ҹ  ־ Ƣ赵  ־,1
817,ͻ󽺽,   ʹ ż Դµ  Ű澲̱ ߴ ȥϷ  ɽ ,0
818,ͻ󽺽,׷ ѹ °     130 ¥  ʹ佺  ,1
819,ͻ󽺽,԰  濡 ̰  ,0
820,ͻ󽺽,̶  ʹ ,1
823, ν Ĵ~,ణ ߽ε Űƶ 丶 Ʃ Ծµ  15000 19000̰ ٸ޴ ũƩ ٽ  Ÿ ĽŸ  ־ ٵ ֶ ׷ Ʃ  ̶ ߰ 1000ؼ ϱ ܸ ٰƮε ߽̾Ʃ ־ µ óԴ   л  ٰ   Ÿ Ե  μ   ߽  ϸ õ,0
826, Ͻ ,Դ  ȥϴ 鵵 ,0
828, Ͻ ,ɲ ¥ ߴµ,0
829, Ͻ , 8000     ,0
831, Ͻ ,̶    8000,0
833,߹ٸ,   ; ϴ ȫ ߹ٸ׹߹̳׳ʹ ־ ˰  ° Ͽ ѹ ⿡ Դ´  ѻ 6õ̶°  ȵ  ġ  ¯ ȭ   κ  ʹå,0
835,Ŀ,Ŀ  Ƹ޴  ͵  ̼ Ͻô е ⼭ ſ Ф  ̼  û ¥  ʹ  ϴµ  ̼ ־  ھƸھƸ朗 ϸ鼭  Ƹ 緯 ٰ ޴ǿ ִ ̼    ̼ ǰԿ ߴ 񽺷 ׸İ ֽŰſФ    Ѿ  ̼   ū   ƿ ̵ ſ ,1
839,¡Ǭħ,޷ Ű ħ 26000 ¡ȸ 23000ε ¡ ̽ϰ ̼ Ծ   ŭ   ġ ߰  ص û  ֽð     ż  Ծ ִ ˷ ֽ  ߸ؼ ٽ ø,0
843,ġ ȸ,ڹ,0
844,ġ ȸ, ֱѵ  ž մϴ,1
846,ġ ȸ,Ҹ  ݰ Ѱ µ,1
847,ġ ȸ,Ҹ ݵ Ծϴ,0
849,ġ ȸ,ٵ ʹ ҷ ʿ  ,0
850,ġ ȸ, Ÿ ſϴ,0
852,ġ ȸ,ڹڹ,0
854, ,ȫԺ   ٿԾ ,1
855, ,Ƕ̽ ,0
856, ,丶  ĽŸ ͵ ־,1
858, ,  ٳ4000 ̸ Ȯġ  ٳ̶ ȫ տ ִ ȫͿó󿡼 Ĵ° 1000  ͼ Դູ ,0
859, ,ٵ ȫͿ     ٻٻϰ ε   濡  鸮ϱ ־  ƽ ׷    ,1
860, ,  ޽Ű ޺   Ѵµ  ϸ ݰ   մ,1
862,ż1971߹,  ˷帲 ߹ ߵ ް ϴ  ,0
864,ż1971߹,â 4ⱸ ż1971߹̶ ִµ   ,1
866,ż1971߹,ǲ ܵδ  ϱ  ڷγ µ  ,1
868,ż1971߹, ƽԵ ,1
870,ũ,  б ͼ      Ծ ̹  ۳ ķ  ȵǾ淡 Ȥö   Ͽ ϴ,1
871,ũ, ޴ Ʈڶ󶼿 ߰,0
872,ũ, ޴  ֽʴϴ Ƹ޿ Ʈ÷ ־޶   Ǿϸ鼭 ּ,0
873,ũ,  ī    ȫ ׻ û 긮 õ ̴ մ κ ȫٵ  ô ǹ̴ ó ε Ե  ͼ  ϼ ڴ,0
874,ũ,׷⶧ ٸ õϱ δ㽺   ߰Ҽ ֽϴ    ⶧ Ȱ ͸   ̰ غ ˼մϴ٤,0
875,ũ,׸  ۳  ˾ƺ̴µ  ũ Ἥ ׷ ˾ƺŴ    ٻ ģϽʴϴ  Ű° ϴµ     ,1
876,ũ,Ȯ ȣ ũ ̰ ű տ սϴ,1
877,ũ,  Ը ۾̳  ϱ ٴ°  ־ ġֽ    ׻  ֱ⶧  ֱ ϴ,1
878,ũ,׷  Ư  Ƽ ׻ °,1
879,ũ,  ȿö󰡴° ٻ ñڽϴ Ȧ ȫ̰  ڵ ȫȫ ǿܷ ɾƵ  ʾƿ,1
885,ȫ ,ٵƢ 9000  ҹ  1000,1
886,ȫ ,߳ϲ  9000,1
888,ȫ , Ÿ ġ    湮,1
889,ȫ , ְ     ̳ ̿쵿 ,1
891,, ѻԴϴ ,0
892,, α ̶ ̺ Ĵ Ĵ翡 ٳԽϴ ,1
894,,  緩 ó Ծ 򷩴Դϴ ó  Ծ  ̰   ɽؼ     Դٺ  ڿ  ű  Ͽϴ ,1
895,, Ƽ Ұ 鵵 ִ,1
896,,Դٺ   ŷ ִ  ϴ,1
898,,ٸ   δ㽺ϴ  ϳ 11000̳ ޽ϴ  Ű 13000ΰ ϴ ׷  ˳Ͻ и ô  õ帳ϴ,0
900,,Ȥ 緩     غ̴ٸ   Ͻô  õ帳ϴ,0
902, , ٳ,1
904, ,θ ð ٳԴµ ϼ̾,1
905, , ĽŸ  Ƕ̽  ־,1
906, ,̳ 1 ؼ 47000,0
908, ,԰ Ƽ ؾ,0
912, ̷,ȫԿ ׸   Ÿ ġ պ ,1
913, ̷,̼ պ  ϳ   ϳ,0
914, ̷, Ծµ  Ű õ,0
915, ̷,ڴ   پ ־,0
916, ̷,װ ܿ  ־ պ 񸰳  ϰ   ־,1
918,ʹݴ,ʹݴ ̶ 쵤 λ ̾µ,0
921,̺,ȫԿ   ñؼ ,1
922,̺,Ƚ 8500ī3500  õ,0
924,̺,ϴ ÷ ϰ ܿͼ      Ƣ  ϰ ⸧  ƽ,1
926,̺,ī Ͻīε ȿ ߰ 鵵   Ҵ ƺ ߰ī ,1
927,̺,¦ ®µ  Ա⿡ ,1
929,̺,  ʹ  ʰ ϰ    ϱ Ű,1
930,̺,ٵ ӵ  ջ   ùµ û ʰԳԴ٤,1
934, ̹-Ŀũ Ŀ,ݰ  ʱ⿡   ؿ,0
935, ̹-Ŀũ Ŀ, õ ֱ淡 ġŲ ϰ 3000 5  ,0
937, ̹-Ŀũ Ŀ,ũġũġ Ŀũ   öִµ װ ԰  ؼ Ա Ⱦ Ѱ ƴѵ ũ ε巯  ڱ  ,1
938, ̹-Ŀũ Ŀ,  Կ ƿ  ־,1
939, ̹-Ŀũ Ŀ, ģ ,1
941, ̹-Ŀũ Ŀ,  ں,1
942, ̹-Ŀũ Ŀ,˵ ׳ ݸ ԰;ٵ  ϴ  ݶ ũ ־    ణ   ̰ ڷ ,1
943, ̹-Ŀũ Ŀ,ٴٴϴ ҷ ٵ ̰   ׷ Ϲݻ״ ׳ ԰Ÿ,0
945, ̹-Ŀũ Ŀ,ھƺ ִٱ淡  Ը԰ Ѱ,1
946, ̹-Ŀũ Ŀ,ȭΰִµ İ  ݸ,0
947, ̹-Ŀũ Ŀ,ٵ ¥ մϴ  Ŀ ̸ϴ  ٵ      Ⱦؿ,1
948, ̹-Ŀũ Ŀ,Ʒ ִ° ,0
950, ̹-Ŀũ Ŀ,̸ Ƚ ⺻Źȭΰİ ŽȾ䳻빰 ,0
951, ̹-Ŀũ Ŀ, ,0
953, ̹-Ŀũ Ŀ,̶ϰ    Ŀũ ٸ Ÿ Ծ ̾ 񱳺Ұ ƽ,1
954, ̹-Ŀũ Ŀ,ٵ   ˹ٶ   ϴµ ־  Ծ,1
955, ̹-Ŀũ Ŀ, 尰 ־,1
956, ̹-Ŀũ Ŀ, 3000ġ  ϴ  ϳ ȾƱ ģ  ϳ  ,0
958, ̹-Ŀũ Ŀ,5 µ 1 ҷ Ծ ,1
960,ʹ,ʹ Ծþ,1
962,ʹ,̺ Ÿ  ־,0
963,ʹ, ʹ̳ ȸ  𸣰 ϴ  ƴϿ,0
965,ʹ,1  Ծµ   ־,1
966,ʹ,쵿 ⺻ µ  屹 쵿  ƿ,0
967,ʹ, ʹ 3ǽ  ϳ  ΰ ̱ϰ ô  ִ    ູ߾,1
968,ʹ,ͻ ο ׳ɿͻ  ҽ    ͻ  ׷ ̶ ξ ־,0
970,ʹ,Ե  з ٻڼ̴µ ģϼ̾,1
971,ʹ,̰  ̶ ׷ Ⱑ Ĵ ȿ  ־,1
972,ʹ,ģ   Ұŵ ׷ üδ ߾  ̺   ϼž ؿ,0
974,ʹ, 2 ݶ 1 Ծ ʹ       ƿ,0
976,ôٸ,Ʊ ôٸ µ 񽺷 ݶֽ,0
978,߹ٸ,߹ٸ ,1
980,߹ٸ,Ҹ   ſ  ־,1
981,߹ٸ, µ ̶ ,0
982,߹ٸ,Ļ   ϴϱ  䱸Ʈ  ÷ְ   ,1
983,߹ٸ,ģ ;߰ٴꤾ,1
984,߹ٸ,Ȱ ߿,1
986,簡,簡 ϴ,0
990,  ѸĽŸ, ԰ ǰ ؿ,1
991,  ѸĽŸ, ̺ ū ̺  ƿ,0
993,  ѸĽŸ,   Ŭ  ;ؼ ణ ŷο,0
994,  ѸĽŸ,ĽŸ ϳ 7õ   ̶,0
995,  ѸĽŸ,ٽ 湮  ֽϴ,0
997,  ѸĽŸ,  ĽŸ ϴµ,0
998,  ѸĽŸ, ޴ ߿ ſ ĽŸ   ־ Ҿ,1
999,  ѸĽŸ,޴  ȳ ,0
1001,  ѸĽŸ,ٸ   ᰡ   ־,0
1002,  ѸĽŸ,ü ߽ϴ ,1
1004,  ѸĽŸ,  ŭ ޽  ƴѵ б   ⿡ ƿ  ĵ  ,1
1006,̹̳,Ѷ ߴ  ƽ ̹̳,1
1007,̹̳,̹̳ ̴ Ƣ̶ ̰   ִ 幮 ̾   ̶  Ե ̾  ְ    ж ̱̱ ϸ Ƣ  ұ ԰ Ǿִµ Ƣ βʰ ٻϰ ӵ  ߴ  ̰ ԰; ׻ ̹̳׷ ߾,1
1009,̹̳,׷ ̹̳״ ڽŵ ſ ߿ ΰ  Ѽϰ Ҵ Ƣ ,1
1010,̹̳,¡Ƣ ¡ źְ ̱ ¡ ƴ϶ İ  ε巯   ¡ ٲ Ư ¡Ƣ ü ġڰ   ִ ٷ  䶫   ұ Դ ε ұ    ʾҴ ̹̳ ü Ư  Ƣ̾µ Ƣʸ ״ΰ ٹٲ װ Ư޾Ҵ Ҽִ,1
1011,̹̳,׺  ǽ   µ Ǯ   ɱ׶  ̰     ̷ Ǵµ  Ѱź ״ ׸ ٴ ° ̰ǰ   ,1
1013,̹̳, Դٰ ڴ ̹̳״  ̾ ϱ  ԿԼ   Ǿ   ̶° ε ϱ ε鵵 ׸   ˾Ŵ ָ ɶ µ մ     ̾   պ ̾,0
1014,̹̳,׷ ̴  ־ ̶  Ȱٵ  ϸ鼭   ᱹ Եǰ  õϰ   ƿ⸦,1
1018, Ǹ,Ʈ Ÿ Դϴ  Ұ Ƹ ġŲ,1
1020, Ǹ,  ȳ ˻غϱ 279 ׿,1
1022, Ǹ, ̼ ԰ Դµ ҷ,0
1024, Ǹ,ҽ Ƕ  ˴ϴ,1
1026,߹ٸ,Ĵ    Ȱ ȴٰ  ߹ٸ,0
1027,߹ٸ,ÿϰ    ڸ    İູ     κ ̷  30й Ĺ   ֵ ؾ Ѵ,0
1028,ʹ,ʹ Ʈ 13 Ʈ 13,1
1029,ʹ,ؿ ۵ ׷ ȣȣ ִٴ ǰ  մµ  Ҿ  쵿 ̶ ȸ  ϱ   ؼ ,1
1031,ʹ,ڸ ͻ ϴ  쵿 ͻ Ǯ ̾,1
1032,ʹ, ϰ ¦ ̱  Ǯ ͵ ׷ 񿩿ϰ  ѵ Ƚ  ż ̾ Űģ  ķ ʹ丸 µ ʹ ߾ Ȥ ִ   ,1
1035,Ʈ ֶ!,Ÿ ö°    ߴٰ  緯  迡 ģ ,0
1037,Ʈ ֶ!,ù° ũ ũ ĽŸε ణ    ũ ĽŸ ġ ¦ ö ־ ٴϰ ־ ٵ   ѱ̶   뿣 ¦  ׷ û  13000,1
1039,Ʈ ֶ!,ι° ׳ ä ũ  12000ε   ־ ǿܷ  Ҿ  ġ 9900 Ǵ°    ǰ   ,1
1040,Ʈ ֶ!,ݿ    Ƽΰ  Ÿ Ī޴  ִ° ,1
1042,Ʈ ֶ!,ĽŸ Ϲ ĽŸ  ũ   ݿ  ° Ƽ     ˾,1
1044,Ʈ ֶ!,Ȥ  ұ ī     ݸ Ī  ϸ   ǽϴ,0
1046, ѳ,Ǽ ѳ  ˼,1
1048, ѳ,  ̴ϵ  Ƽ ī ĵ  ־  ϰ     ѹ Ƽ ÷  ʿƿ,1
1050, ѳ,   ġ ſ ȣγְ ´ٴ ȣں ȫջ ִ´ٴ ׷   Ƽ ڲ  Ǵ,0
1052, ѳ, Ƽ   ϳ ;µ Լҹ Ÿ ׷ 7뿡   ԰ Դµ ڸ    á ,1
1054, ѳ, ü ޴ ̶ ȾϽô  Ӵϴ,1
1056, ѳ,     ,0
1060,뱹 ,뱹ĵ   Ϲͽؼ 뱹 ĺ̴,1
1061,뱹 ,ٰ ȥϷ 鷶µ Ե   ִ ο ֽô   ؼ 뱹 ֽŴ,1
1062,뱹 ,¦ ʹ ؼ ǥ ö͵   ּּ  ĥ ö԰    ż ٻ°   ̷ ķ   ʴ´,0
1063,뱹 ,ȫֺ 뱹 ã ڵ ѹ °͵   ,1
1065,뱹 ,  Ų 뱹Ư,0
1067,¯ָԹ,¯ָԹ  ٲ˳  ô   ٸ  ô,1
1068,¯ָԹ,Űũ  Ķ   վ 𸣰ٴµ ߰ؼ ϱ  մ ־   ݼ̾,1
1069,¯ָԹ,δ   ٰ ,1
1070,¯ָԹ,ġ 3000 Ķ 800,0
1074, ѳ,Ÿ   ܼ ٳԴµ,0
1075, ѳ,  ,1
1076, ѳ, ,0
1078, ѳ, ع ǳ ٲδ,0
1079, ѳ,Ÿ   ع̶ ޶  ϱ ߴµ,1
1080, ѳ,̹  ع ϳϳ  ־ ,1
1082, ѳ, 8000,1
1083, ѳ,ٴ  Ծ,1
1085,Ʋ꽺,Ʋ꽺   ȵ,1
1086,Ʋ꽺, ʰ  ſ  Ȯ л  մԵ  ,1
1087,Ʋ꽺,̷ ڽ  𼭵  ,0
1088,Ʋ꽺,  ȵ,1
1092, ѳ,⼭   µ ,1
1093, ѳ,ع 8000̰ ߾,0
1094, ѳ,ƴ  ִٴ ˵ ũ û    Ǵ   ˳ؼ ׷ ФФ ľ ȫ λ 4ε Ĺʿ ѽ  ܼ ʹ ٤Ф ׸ عε ⵵ ־ õ ÷ػ ޾,1
1096, īȭ, īȭ ¥2θ ̶  9õ,0
1098, īȭ, µ ̺ ۿ  ¥  ¥  ؼ Ա ϴµ  ſ  Ѿ ܹ  Ŷ Ҵ Ե ģϼ 㿣 ǳ Ծ¡,1
1100,佺,  ȫ   ο    ,1
1101,佺, 5 ⱸ ó ִ 佺,1
1102,佺, ׻ 6 ι  ֽôµ ļ ù° ø  ι°  ô    ̾        ׵ ٴϸ鼭   ѵκ Ŷ  ¥ ޶,0
1103,佺, ̴° ó  ° 13000 ¥ ̰   κ̴ ġô 20000¥ νþ ,1
1104,佺,  Ƽ ׻  Դµ   ö  Ƽ ʹ Ƽ ,1
1105,佺,׸   쵿̶ ڵκ Ŷ ŸŰ 丶並 ִµ  ־,1
1106,佺,   ѹ  ̶ ؼ õ,1
1108, , ִ ǰ ãҴ  ,1
1109, ,  ī ῡ ε Ľô   ī ι ϴ     Ƕ  ̴µ 㿡    Ͱ,1
1110,Ϳڳ,Ϳڳ       ýϴ ,0
1112,Ϳڳ,ڳĴ ó Ծµ  ְ Ծϴ,1
1113,Ϳڳ,  ġ ̿ 丶 ҽ  ߰  Ʈ  ̾µ ,0
1114,Ϳڳ,   κ ؼ ٴϰ Դ¸   ,1
1116,Ϳڳ,׸ Ƣ ¥ ֽϴ ,1
1117,Ϳڳ, Ƣ ϴ ε  ,0
1118,Ϳڳ,̰  Ƣ  ٻϰ Ʈ Ⱑ  µ ٸ  Ƣ õմϴ,1
1119,Ϳڳ, ݵ 2000̶   մϴ,1
1121,Ϳڳ,ó      Ф Ÿ հ  ƽ׿,1
1123,Ϳڳ,嵵 ϴ ó  е Ƣ ؼ  ַε  ƿ,0
1125,Ϳڳ,׸  ֹ ߴµ ֹȣ 10̶ ٸ     ǳ׿ Ф,1
1126,̷, ũص״ ̷  ٿԽϴ٤ФФ õֽ в  縦,1
1128,̷,ģ µ   4000  ̶ ܴܹ̿6000 ϳ Ծ,0
1130,̷, ¥ Ѹ   Ծ ҰͰ  ʹ ־ Կ ִ´ ԰ ҽ ִ ÷ Ծµ ¥ ־,1
1132,̷, źź  óԾ ſ  ߸Ծ ߴµ   ʰ     ҽ   ҽ  ɰŰƿ,1
1134,̷,ʱ ణ  ִµ       ־,1
1135,̷, ϰ ſ źź Ͻô  ƽ  ־,1
1137,̷,湮 ǻ  ־,1
1138,̷, ,0
1139,,Ƹ޸ī 2000,1
1140,,Ÿ ġ 4300 ,0
1142,,ΰ̻ ƮεǼ 5300,0
1144,,Ÿġ ʸ ־  ڿ̳ Ѥ ߴµ   ,1
1145,,۰ Ÿġ ʤ Ƽ ɲ  ,1
1146,,ٵ Ƹ޸ī Ű ,1
1148,, Ƹ޸ī뿡   ־ִ° ϴµ,1
1149,,  ־༭  ,1
1150,,ķó   ƴϰ  ׶ Ŀ ,1
1152,,ڸ  ġ Ⱥ  Ű ð ǵµ,1
1153,,,0
1155,,ð Ǵϱ    ٵ ڸ ׻   ,1
1156,, ,1
1158,̺,Կ ̺𵷱 õ ޾Ƽ  ó׿,1
1160,̺,  ݿ   Ƽ  ֳ׿ ,1
1162,̺,Ƚ  Ѵ ִµ  Ƚ  ͼ  ִ° ƿ,1
1164,̺,ī   Ϻ ī Դϴ,0
1166,̺,б ó   ƿ,1
1169,Ϳڳ,ڳ 6000ε ڻ嵵  ֽŴ,0
1170,Ϳڳ,޴ ڳ   Ƣ ̷ ־,1
1171,Ϳڳ,ġ ƿ丮  鷶µ ֹȣټհ ȿ °  ÷߰ڴ ;Фиϸ  ȴ  ФФ,0
1172,Ϳڳ,ݴ Ƽ ¥ ϲ  鷯,1
1173,,Ź  ְ ִ° 13000 Ʒ Ƚ14000   Ȯ ,0
1174,,  ô ̶ µ ˰ϱ ȭ û   ̴ ,1
1175,,Ƚ ¥ ־ 屹 ׳  ƴϰ  ä ־    ,0
1176,,ġ  α ѵ б ó ִ  ԰ ѹ   ,0
1179,ĸٰƮ,ҶǴƮƮ佺Ʈ ׻Դ ,1
1180,ĸٰƮ,̴Ż1900ݰ  ä濡 ,0
1181,ĸٰƮ,2200ణ   帳Ŀ  ̸ ,1
1189,SameShitCoffee(), õ ؼ Ƹ25 ÷ȭƮ30 帳Ŀ40,0
1190,SameShitCoffee(),ū ̺ Ʈ ϱ⵵ Ʈ Ǽ ī ȿ  ν ؼ ⵵ ϰ ִ°ſ   Ե ģϼ ī ̸  ̻Ѱ    Ƥ,1
1191,SameShitCoffee(),½ð  ұĢϴϱ ð  ,1
1192,SameShitCoffee(),ķ  ݸ  ¸ ξ  ĿǸ    ,0
1195,Ŀ(ȫ ó),Ƹ30 ũƼ35,1
1196,Ŀ(ȫ ó),  Ưϰ Ŀǰ  б ó ̷  ⱸ ϴµ µ Ҽ ־  ӽź ̰  ִ ׸ Ÿ ִ  ⿡ 󶼹ũƼ Ѵ   ־ Ʈ ޾Ƽ  涩 ũƼ õ 10ܿ 1 ,0
1199,罺(), ϴ б ó  ְ 30,1
1200,罺(), ð 126ε ̱ ð 缭   ̾ ܼƮ  ȵǼ        󶼴   ,1
1203,ӸĿ(), ̺Ʈؼ ̸ ˰־µ ֱٿ þ ڸ Ŀǵ ְ Ʈ Ƽ ģ̶ μ̼ ٶ ,1
1204,ӸĿ(),ñ״óī55 պ35    ϴµ  ī ٴϰ ؼ ְ ̾,1
1205,ӸĿ(), 6ܿ 1ܹΰ,0
1208,"ϷĿ(Ŀ, )",ũī65,1
1209,"ϷĿ(Ŀ, )", ݿ ̸   ũ    ָ ģ ° ,1
1210,"ϷĿ(Ŀ, )", µ  ϴ  鸮µ ,1
1211,,ȫ    ,0
1212,,ġ ֵ  迡,1
1213,,к ڸ  ָѸ̴,0
1215,,ġ ϳ  4500,0
1216,,ڰ   丶,0
1217,,,1
1218,,丶ż,1
1219,,ũġ,1
1220,,,1
1222,,̰,1
1224,Ѽȭ,ر  ٳ  Ѽȭ,0
1226,Ѽȭ,̿쵿 극ũŸΰ 𸣰  ó Ұ ũѰ  ſ   ôµ ⵵ 극ũŸ Ǽ  Ա  ִµ  ż ø Ļ Ͻö ֽ ,0
1227,Ѽȭ,ر     ε ģϰ Ͻ     ¿ 𸣽ð ϰ  ̰ ޴   ֽ,1
1228,Ѽȭ,ѵ Ұ  ī   ̰ Դµ  絵 Ǫϰ ܿ   °    ޴  ̾µ Ƹ  ޶   ¡,1
1229,ȫ ũƼ,  濡 ֱ淡 ȣη ̽ϴ,0
1231,ȫ ũƼ, 300 ⸧  5000ε ȫ 10 ؼ 4500  پ,0
1233,ȫ ũƼ,ũϴ          ũ Ʈ ԰  ̰ ִ ΰ ΰ  ߴٰ մϴ  ũ ׽ϴ,1
1235,ȫ ũƼ,H  ȫ    ũƼ ϴµ  ſ Ǹ̾ϴ  ƴ  츰 ȫ и µ ʹ       û   ֹ߾ ڿͺٵ ̾,0
1237,ȫ ũƼ,4500 ְ ⸧   ɵ,1
1239,ȫ ũƼ,湮ǻ ȼ,1
1245, Ѽȭ, ̴  ѵ Ұ  ״µ ߾ Ұ⿡  ä    ٵ ׳  ƴ϶ ̰߰ ޱ ܿ ͼ  ¥ ־ ణ ˹ 䵵 ְ Ե ģϽð   ֽܶɤ ǰ ѳ ԰ ,1
1246,İ赿,İ赿 ̶ ο  ߰,1
1247,İ赿,ٶ ѳ ,0
1248,İ赿, ϰ  丮 Ǵ,0
1249,İ赿,ٸ   1аŸ,0
1251,İ赿, 7000   ʰ,0
1252,İ赿,ſ   湮 ǻ ,1
1253,İ赿,ֹ  κ̰ ģ,0
1255,İ赿, ֹ̰ ó  ְµ,0
1256,İ赿,Ⱑ 3  ٴµ  ó˾,0
1257,İ赿,մ 츮 ۿ ,1
1258,İ赿,     ̳,0
1262, , ޷θ ѸԴٰ  ؼ  Դµ  ǰ ̶ ׿  忡    ִ°  ϴµ  忡 ̸ ͵鸸 ־ ƿ,1
1264, ,޵ Ǵϱ   Ǻ ѹ Ѻ,1
1270,ְ  (),ٵ ,0
1272,ְ  (),޴ ɵ Ƚɵ   ׸ ī  ,0
1274,ְ  (),1130п  12ÿ µ      ߰Ǹ ̹ տ  6 ְ  ǰ׷ Ƚ̶  ī ԰ Խϴ,0
1276,ְ  (), ÷ 屹ñ  ÷ ŷ̶  ֽŴ ȳ ԰  ī   ´   տ  Ƣش,0
1278,ְ  (),  Ưϰ ̵ ⸧   ѷ Դ´  ⸧ ̱ ѵ    ⸧      볪 ߾︮  ФФФФФФФФФФФФФ ϴ ,1
1280,ְ  (),Ƚ13000 ֱ ָԸ    ´ ÷    ߴµ 3 ī ϸ Ⱑ   ī   ̾µ  û ҷϴ Ƚ ⸧Ⱑ  ε巯    ڱ⸸ ִ    Դµ ʹ ε巴 ֽϴ Ф Ƣ ٻٻ ƴ϶ ͻͻմϴ ¥ ܸ ͻ  µ  ⸧   ҽϴ,1
1282,ְ  (), ڼҽ ÷ִµ ̻ϰ  ø   ǰ  ø  ū  ͼ   ׷ ø  ųİ 庸ߴµ  ̺ ߽ϴ ŭŭϰ ־ ,1
1284,ְ  (),12000  Ϻη      ƿ     ̱ϰ ϰ ־ϴ   ü   ϴµ   ׷ ̿ 浵  ־ û ߰        û  ߴٱ⺸ٴ  ü ־  ְ   ƿ ⸸  Ծ   ϴ  Ƚɺ  ξ ־    ̱ϰ       ͻ  ܸ̾ϴ       ״ ,0
1286,ְ  (),ī4000      Ѹӱ۰Ŵ  ϴ   ö ī ؿ   û  ︮  ƴ  ƿ  ī   ġ  µ ī  ̶  ʹ ֽϴ ī ŭŭϰ Ǵ ִ     ġ  Բ ÷ Ѵٸ װ Դϴ      ̱  ۰ 4000    ƿ   ū ׸  µ 3000 ص  ų   Ф 4000  پ ġ־ 뼭Ѵ    ƴϿ ̶  ´  Ϳ,1
1288,ְ  (),Ľ  Ʈ¥  Ǥ ̰Ÿ 㿡  ; ణ źⰡ ִ ŭ 󾾽 Դϴ  ظ԰,1
1290,ְ  (),  §  ε      ˸° ؼ ƿ   Ǿϱ  ⵵      ͻͻؼ ʹ      ¥ ְ  巹   ī  ¥ ְ Ŀ      ƿ ,0
1292,ְ  (),     õ  ƴ   ֹ  ͼ ֹ ǰ ٻٵ  ¿ ٺٺ Ⱑ ƴϿ ϰ     ε ұϰ ġ ʰ ϰ    ־ϴ ڸ  ڸ ۿ  ż     ƽ ϳ׿ ϴ Ҵ ۿ  ִµ ־ ؿ,1
1294,ְ  (), ̶ֹ ̺ҵó ֹ ̺ ѷδ      ְ   ƴٴϸ鼭 ɾܴϴ ª ڽ丮 Դ ̾  ģؼ ҽϴ 湮ǻ 100,1
1296,ְ  (), ְݼ ,1
1299,ȫ ڱ () ,ġ ϱ  ߰ؿ,0
1300,ȫ ڱ () ,ڸ Ծ   ۸ؼ  ãƿ ̶   Ƽ ׳ ˻â ĸĺ Դ,0
1302,ȫ ڱ () ,ָ޴ 鷻̰    ƿ   ׷ 鷻 鷻 ֳÿ Ծ,1
1304,ȫ ڱ () ,׷ 鷻 2800 鷻 Ѹ鿡  Ǿ־    ͻ ϴ  ü ׳  鷻 ԰ ѵ ׷        ȿ ´ ִµ  ˰     ȭ´   ׷̿   ︮  ,1
1306,ȫ ڱ () , 鷻 2800  鷻 Ʈ   Ⱦϴµ  鷻   鷻 ǿ ¦  ɼ   鷻 ѿ ͻ  Ǿִ ׸ ȿ ´ ¥ ̴   ξ ٴٴ    ôô Ƴ   ִ ,1
1308,ȫ ڱ () ,ֳÿ 2200ſ찭 ¥ ̰  Ծ ʹ ʹ ʹ ־ ѹټ   ٻٴ Ұ  ֳÿ ó Ծôµ     ̰  ˾    ڸ ͸  Ŀũ  ̴ ī׶ʹ Ȯ ٸ  ٻ˵ ѽİ  ִ īֳÿ  ֳÿ    ִµ  ٸ ֳÿ  Ծ߰ڴ ԰Դϴ,1
1310,ȫ ڱ () ,,1
1312,ȫ ڱ () ,ϴ  ũⰡ ſſ  չٴں ξ   ܺ   â̱ ѵ  װ Ŀ ݶ  ϳ  ,1
1314,ȫ ڱ () , ſ  Ⱑ û      ɾƼ   ִ ̶ ٵ ũƿ ̶  Ⱑ û Ӱ  ž   ̴ û     δ  ,1
1316,ȫ ڱ () ,  û ̶ Ŵ ֹ    Ĳ ŰֽŴ ̷  Ƽ ִµ ó ش  ִ      ,0
1318,ȫ ڱ () , ñ ٶϴ ߰ ԰,1
1320,Ŀ,å ҿ ڸ    ĿԴϴ,1
1321,Ŀ, Ƹ޸ī 4500,0
1322,Ŀ,    ؼ ,0
1323,Ŀ, Ƹ޸ī ־  ּ,1
1324,Ŀ, ũ 佺Ʈ 񽺷 ޾Ҿ,1
1325,Ŀ,    ´ٱ ּ̾ Ф        Ծּ,0
1326,Ŀ,û ֽϴپ,1
1328,Ŀ, ´ ŸӼ 2̶ ִ ƿ ,0
1329,Ŀ, 𸣰 ĿǷ   ŸӼ ϴ󱸿  Ƹ޸ī  ԰ּ,0
1331,θ,θ Ф б  ־  ̾Ʈ λ ٱ ̾µ  ִ   ,0
1332,ȭĴ,  ȭ Ĵ,0
1333,ȭĴ,   ,0
1334,ȭĴ, ߵε ް ֵ 䵵   ó   µ ̾ƮO̶ ׷ ް  ̾ ڰ  Ŀ   ׷   ε巯 ۿ ߵ Ŵ ι² Ҵټ鼭  ܸ,1
1335, ŽŰģ, ŽŰģ,1
1337, ŽŰģ,ڷ ° µ  ִ ¥,1
1338, ŽŰģ,޴ ްѰ  Ծôµ ϳ  ־,1
1340, ŽŰģ,  ̾ ļ ø,1
1344,ȣȣ̿ ȫ,ε ̶ ȥ Ϸ ̿ ãٰ Ե,0
1346,ȣȣ̿ ȫ,  󸶾ȉµ ڷγ Ÿż,0
1347,ȣȣ̿ ȫ,ʹ Ÿ ,0
1349,ȣȣ̿ ȫ,  ݰ ¾ֽð ,1
1350,ȣȣ̿ ȫ,ڷγ غ̺Ʈ 3000 ޴ε ִµ 忡 ۿ ,0
1352,ȣȣ̿ ȫ, ٸ ԾôŶ ϰ ,0
1353,ȣȣ̿ ȫ,   ΰ µ ,1
1354,ȣȣ̿ ȫ,ؼ 2   ,0
1356,ȣȣ̿ ȫ,̸ Ƶа ƴ϶ ֹ   ϼ õ¥  嵵 غôµ ԰   ؼ Ծ ٰ Ͻø鼭 嵵 ̴ּ ,1
1357,ȣȣ̿ ȫ, ٽú 1000ġ 纸 ξ ,1
1359,ȣȣ̿ ȫ,̿     ѱ׸  ʺ   ,0
1362,ູܹ/˼ܹ,þ˼ܹ 4500,0
1363,ູܹ/˼ܹ,ȥ̺  üҽ ؿ   ,1
1364,ູܹ/˼ܹ,  ,0
1365,ູܹ/˼ܹ,  ̶ δ ,1
1367,ູܹ/˼ܹ,ü  ణ Ʈ Ĵڳʰ  ̺ Ѱ ɾƾϴµ ̺   ī  ġǾ,0
1371,Ŀ,ƺīĿ 5000,1
1372,Ŀ,ûũ佺Ʈ 4000,1
1374,Ŀ, 2ð  ־µ   ̤̾,0
1375,Ŀ, ֺ ȸ鵵 ñٹϰ ,0
1376,Ŀ,ݰ Ⱓ   մ ٰ,0
1377,Ŀ,ɽϼ̾,0
1379,Ŀ,־ ġ  ֽð,1
1380,Ŀ,  ִ  Ͻɤ,1
1381,Ŀ,ле ǰ ϼ̾䤾,0
1383,Ŀ,ûũ ڶ  ֽð,0
1384,Ŀ,Ƽ  ֽð,0
1385,Ŀ,  ģϼ,1
1386,Ŀ, νɿ ؼ øϴ,1
1387,Ŀ, ּ,0
1390,566,Ÿִ ڸ ؼ  ̾,1
1391,567,ʹ ߾ ϱ  μð    ŵ  Ÿΰ  ϱ ذ̾ ī̵  з ΰɷ  ߴµ װ ɷ üǰ ſ    ,1
1393,569, ζ ⼭ ÷ ߴµ ó Ѹ Ȳ    ؼ,1
1394,570,ٸŸī  ̻ ڴٽ ,0
1395,571,絵 ¥  ߰ ⺻ ϴµ ó Դٰ  ¥¥ ÿ,1
1397,573,ٵ űϰ ڲ  ̴,1
1398,574, ̽ ä  û ũũ ־ ο迭  ÿ ־,1
1400,576, ¯̴ Ȥ ѳ  ؾ ,1
1401,577,ζ Ծʹ 쿡 õҲ  9õ̰ 66 ֹϸ ,1
1403,579,ġ  濡   ,1
1404,580,ī Żÿ  ġ,1
1409,аâ,2κ 20000 ſ 1κ ߰   ޽׽ϴ,0
1411,аâ, õ Ծþ ⺻ â 2κ װ    ѷִµ ڸ   ̤  ,1
1413,аâ,  ⺻  äҲ  ܹ ҽ 񽺷 Ұ Ծ ۰ ,0
1415,аâ,  2κ ״µ  ̼ ԰ 3 13       â   ˰ Ʋ  ִ  Դٰ ؿ â û ־ â û Ծ   ƿ,1
1417,аâ,ʱ   Ը ¦ ܵ ʱ     ߰ Դµ װźٴ ξ  ʰ ҽ,1
1419,аâ,  ϴ â      ı ϱ ⳻  û ϰ ִٰ ϼż ణ ϰ ״µ ⳻    Ҿ   ޴ Դϴ    ܰ â    ҽ ű⿡ 鿩  ׺κ  ƽ ׷  ȫó â  ״µ  ߰ Ⱑ  ־    â    ְ ⳻   ־  ȫϴ°Ͱѵ  ֹ ,0
1421,аâ, 5  4,0
1425,߹ٸ,ְ  ɸ ٳԾ,0
1426,߹ٸ,ܰ ణ ̶ 𸦶  鼭  ̰  ߴµ,0
1427,߹ٸ, ˼մϴ   ü,0
1428,߹ٸ,޿   ٱ ̶,0
1430,߹ٸ, 12 ε ҷ   ƿ ,0
1431,߹ٸ,մ  ȥϽôº ,1
1432,߹ٸ,鼭  մԵ̶ Ƽ ȫ ƮƮ  µ  幵ϰ   ģа Ӥ ణ ,1
1434,߹ٸ, ġ 7000,0
1435,߹ٸ, õ,1
1439, ̷,ó  ־ Դٰ   ȫԿ  ̷տ Խϴ,1
1440, ̷,  ʹ ־,1
1441, ̷,չٿ 4000 źź̿6000 ȥڼ Ծϴ,0
1442, ̷,޴ å  Ѽ  ϴ ȥ ͵ ζ    ִ ̴ϱ,1
1443, ̷,  츦  ϴµ ǰ̾  Ծ   ־ϴ,1
1445, ̷,źź ȫ źź̶  ȣ̽Ĵ翡 Ծôµ  ִ ̾  Ը ״̾ϴٸ,1
1446, ̷,    ҽ 񺭸Դ ̾µ    ε ̰ ʹ ¯̿,1
1447, ̷,   شȭǴ  ƿ ¬©,1
1448, ̷,δ źź鸸  ſ  ʹ ־,1
1449, ̷,׸   ſ,0
1450, ̷, ٸ ޴ Ծ,0
1452, ,   νŸ ߴ װ,1
1453, ,ġ    濡  ū Ϸִµ ʰȿ徸,0
1455, , 35  ſ,1
1457, ,ñ״ ɺ Ʈ ѸԾ,0
1459, ,ɺ  9000,1
1460, ,Ʈ  6000ƴ 6900    ͳ ãƺϱ 6000  ְ 6900  ִµ    ϴ,1
1462, ,ɺ  ó       ¥  â̴ Դϴ   Դ ӱ Ϲ źٴ ɲ ū ׸ġ ſ    9000̸ 亣    ϴ   ̻ Դ° ,1
1464, ,  ̽  δ    Ƽ  ̽ε  Ծ   İ  ̶    ϴ  ް  ϸ̾ϴ  Ͼ˰̸   ʾƼ Ϲݺ     Դµ  Ͼ˰̰  ִ   ҽϴ,0
1466, ,  ũġ ö־ ٻٻϰ ǰ     ؿ ϼҽ    ϰ ôµ ũġ ɲ ֽϴ ׷  ҽ  β ѷ־ ҽ  ʾƿ ۰ κ    Ŷ ҽ Ծ ,0
1468, ,    ε  ִµ  ÷  Դٰ      弼 ,1
1470, , ,0
1472, ,1 ϴ   Ͼӱ ÷,0
1474, ,2     ҽ İ    ׷ İε  ٸ  ư鼭 Ծ ׷    ϴ   ģϵ   ,0
1476, ,3 ϴ ɺ ҽ ¦  ް  ¦ ؿ    ־,1
1478, ,4  ⺻  ֽϴ ׳  ̿ ҽ  Ծ ֽϴ ,0
1480, , ׳ ̶ ũ ٸ   ƿ ξ V þ  Ҵµ ׳ pp  İ,1
1485, Ŀ,ӹͶ  ڻ귡 ̷ Ծµ ٸ ߴµ ӹͰ  ־,1
1486, Ŀ, ̱ϰ ʹ ʰ Ͷ ӱ    ʹ ؼ ѵٴ   ° ,1
1488,ƺ ͽ,ƺ ͽ   ¥ ༭ ƿ ſ ״µ  ʳ׿,1
1490,ȫ ,ȫ   κ 6000,1
1491,ȫ ,ֱ  ƿ,1
1494, &, ֳ׿ ݵ ¥ ΰ ¥ 5900ε  ְ ܹ ܸ,0
1495, &, Ⱦؼ ̷޴ ߸Դµ ¥ ְ Ѱ ҵ߾ ,1
1496, &,  Ŷ׷   ϰ,1
1497, &,ī ƿ ǿܷ   θ ׿,0
1499, &,Ʈ  ־µ ο칮 Ʒ ־ ԰ Ľ ο칮 ī   ĥ  Ծµ   ÷ϴ ,1
1501,Ʋ꽺,Ʋ꽺 Ű 2500,0
1502,Ʋ꽺,,0
1504,ī,ī    ڳĿ,1
1506,ī,ڳĿǸ ¥¥ ϴ»̶ ·»ź ȴµ ȫ9ʿ ڳĿ ܼ   Ф ,1
1507,ī,4800ε 絵   ʹ ֽϴ ·¿  ڳĨ ѷ  °  ƽ ڳ  ʰ  ڳ Ͻô е̶ ְ Ͱƿ ,1
1508,ī,ٵ  Ծּ   ̴   ãư Ծߵȴٱ,1
1512,ȫ ߺ,ϱ ũ Һ ռҵֽô,1
1513,ȫ ߺ,̰ź ʹ޾Ƽ ,1
1515,ȫ ߺ,  ϸ鼭 Դµ  Ѹ̵̾,1
1516,ȫ ߺ,21µ 2 ߺ 1Ծµ ̾ ,1
1517,ȫ ߺ, Űʾ ٵ  ҽ ʹ־  ־ α⵵ ,0
1522,ڷ,ۿ õ   Ȧ  µ ι ȰŰ ҽ   ׳    ִ н    ,0
1523,ڷ,쵿  ־   ̶ ʹ ϰü  ̳  ζ °ɷ ä  쵿  ٵ װŸ,0
1524,ȫ ο칮, ־ִ ӹ  ٵ ޾ӹ  Ծֶ,1
1525,ȫ ο칮, ̰ ȸԴ ̶  ¥ ,0
1526,ȫ ο칮,ũ  ־ ٸ   ȸԾ  𸣰ڴ ,1
1528,ȫ ο칮,ƹư  񽺿 ؼ ı⾸,1
1529,ȫ ο칮,  մ ϳ ,0
1530,ȫ ο칮,ȫ ó  ִ Ī ο칮  ,1
1532,ȫ ο칮,  ī 6ΰ ±濡   ϳ Ծ ׷  ׷  Ƽ л̶  ĸ ÷Ҳ ,0
1534, ,ī  ,0
1536, ,ģ ԰ ɾٴϴٰ ߰߾,0
1537, , 濡 ѸȦ  ־,1
1539, , Ʈ ¥ ؼ бֺ ī   Ծôµ  ־ ʹ ڰ  ¥ ϸ鼭 ־,1
1540, ,¥ ־ ο  ¯̶ ߴµ  ʹ ,1
1542, ,  ̶ ũ ¥ ־µ ʸ ¥  ְ  ˵ϸ鼭 ִ,1
1543, , ϳ 2500 ϴ  Ҿ,0
1544, ,Ŀǵ Ĵµ ް Ŀ־ ģ ޴ٱѰ ܶԾ,1
1546, ,  ģ ǵ ʹ ڰ °ͰƼ ø  9 ư 25000 ¥ 4 Ʈ ־,1
1548, , ׸  ȫ   5  Ƹ޸ī ī ¥    ¥ε,0
1550, ,ٵ    ¥ ̶  ȣѴ,1
1552, ̷, ̷,0
1553, ̷,չٿε  4000  6000,1
1554, ̷,   ѵ  α ƴϾߤ̤,0
1555, ̷,5ǽ  õ  ־,0
1556, ̷,̼ 4ǸԾµ  θ Ѵ  Դ ư õ ,1
1559,, ö ۺ ħ µ ¥  ְ ,1
1560,,ɵ״µ   Դٰ  ּ̾Ф   ̽ ϰ  ɼ겲 ó Ծǵ ,1
1561,, ̶  Ͻôµ մԾ ȥ ð Ե   ݾҴٰ Ͻó׿  䶧  ̶  Ⱦ ھ ÷,0
1563, ְ , ְ  Ͻ ī ѽ Ų    ϴ ׻ ģϰ  ֽð ϱ  Ͻð  ޸  ƽ ż  Ϸ        ְ  巡   ε  ΰ  ְ  Ծ ׸ ν ״µ   帣°  Ű  ٷ   ƾ  ƽ ϳ ڸ ä ٺ ð    ұݵ⸧ յ     н µ  þ ϴ,1
1565,īī,־ ī  īī  ν ν Ұ   ִ  ǳϰ 嵵  ƽ  ̶    ٸ Ư¡   ̶ αε 򿡴  ġŲ ó   ׸  ī굵 ¥ ִµ  ؼ ФФ ī굵 簳ϸ  ̾,1
1569,,䶧   ε  ű  涧 ϴ ,1
1570,, ٸ  ٸ  ̱ϰ Ư İ  ־ ؿ    湮ߴµ  簡  ȵǽô ۳̶   90γ پٰ  Ͻô Ф    ۿ մ  ŸФ   ϴ Ĵ ϳѾ ݰ־  ϴ ,0
1572,,Ȳ  ־ 𸣽ô е ̿ϼ ڳ׿ ,1
1575, . , ī ϱ⵵ ϰ  Ծ⵵ ߰ ȫ  ֺ Ѱ  ,1
1577, . ,İ ٻ     ī ٻ   Ÿִ Ͻ ī ε ī ҽ   ︮ ι°   Ÿ ְ  °  κ Ƣε   ־ ī Ǵٰ ؼ  ī    ī Ƚų,1
1580,ī ޸,ֵ ī  츮б  ̽ŵ ŸԵ 426  ī  Ͻŵ Ф  ũ ¥ ְ ģϰ ׵ ߴµ  ִٰ ϴ   ģ  ° õ,1
1582,Ʋ꽺,лε Ű    ,1
1588,ߵȸ,ȳϼ   ѹ°  Դϴ  ı⸦ ״ غմϴ,0
1590,ߵȸ,   ְ  ̰    ƴմϴ,1
1592,ߵȸ,Ͻźе    򰡺 ϰڽϴ,0
1594,ߵȸ, ְ ,0
1596,ߵȸ,45,0
1597,ߵȸ,̴ 3ӵ ,0
1598,ߵȸ,45,0
1600,ߵȸ,湮 ǻ  ׳ ǳ ߵ̾ ,1
1602,ߵȸ,ȫ    ҰϷմϴ  ٴ ϰ ٺ ε尡 ʹ ׿ ,0
1604,ߵȸ,йϰڽϴ ,1
1606,ߵȸ,ó ̸  ׳ ȵϴ ֺ  õ̳ ȫ õ óԵǾµ,0
1608,ߵȸ,̴ â κ  ǳ âκθԽϴ â ϴµ ΰ ؼ,0
1610,ߵȸ,ٵ  Ưϰ ̰Կ â ұ Ⱦƿ  ٷθԾ ,1
1612,Ʋ꽺,б 鸥 迡 Ʋ꽺 ,1
1613,Ʋ꽺,  ٳ     ƿ 3800ΰ 3900 Ʋ ȸ Ф,0
1617,׸ ȫ,Ŷ ޴̸̳   ,0
1618,׸ ȫ,޴   ÷ص׾,1
1620,׸ ȫ, ģ ְ Ա  ,0
1621,׸ ȫ,޴ ͼ ϸ 1ð ȿ ,0
1623,׸ ȫ,ĽŸ  Ų ̾ϱ ,0
1624,׸ ȫ, ״  ¥ ,1
1629, īȭ,翡   θ̶ ȫ뿡 Դٰ   Դ θ    ̶  ִٴ Ҹ   Ͻ ¦ ϰ µ ϴ  ׺  ִٰ ϼ̴٤,0
1631, īȭ,ֹ ũ Ⱑ źź Ի캺 Ī ״    Ф,0
1633, īȭ,ũ ũҽ ƴ  ԰ ; ״µ ؼ ȾϽ  ˾Ҵ θԵ ִٰ Ͻ ҽ ŭ    ؿ  ߶  ȴ ҽ   ߿ 忡 ־ ԰ ;  Ƣʵ  ٻٻϸ鼭 ̱ İ̾ Ī ϱ 2 ־̤,0
1635, īȭ,Ⱑ   ̿ Ⱑ  ְ ԰ ż Ⱑ츦 Ѻô   ҽ ̿  ε  ӿ  ڸ   Ưϴٰ ϼ̴     ʴµ Ƣ п  ̲Ÿ İ   Ծ ־,1
1637, īȭ,źź  ڸ    մ  ūϰ  ʾƼ Ҵ  Ծ źź鵵 ־ ¥̳ ٸ   Ծ   Ҵ Ի캺信   ¥ҽ   ¥鵵 ְڴٴ Ȯ      ϸ źź  ,0
1639, īȭ,θ ԰  ִٴ  λ θ Կ ְ  Ծ     ;߰ڴٶ  Դ ̰ɷ  Ϥѷ,0
1641,,ŸǪƼ 3800 Ȯ,0
1643,, ϴ   ߰ϰ ԰    ä Ŷ    Ļ  ϰ ̾Ʈ ߿ ̰Ŷ ġ ϳ  û θ,0
1644,,ä  3800 ̴̻ ۾ƺ    ⵵ ִ,1
1646,,Ÿ İܿ ƹ  ȳ ȭ Ҷ ǳ Ծ  Ÿ ׸ٺѰ Ѱ Ѵ ׸  ſ   ̴° ,0
1648,, ٳⰣ ȫͽõ𿡼 üȭ  ڱϴ ũ ƼĿ  ȭ ǥΰŰ ΰ Ϳ  Ȱ    Ѱ   ,1
1650,, ġ ſ бտ ٱ׷ α׿   پ˰ µ ״ο ִ ޴ ſ α׿ڸ      ִ,0
1651,,  ſ а   ູߴ   ,1
1653,,  ,1
1654,,б   Ű Ƶ ī   ĿǴ ȸԾô ٴ ıⰡ ־  ݷҺ Ŀ ִ,0
1658,Ŀ( īҿ),īҿ䰡 ĿǷ Ǿϴ,1
1659,Ŀ( īҿ),ھƸ հ  Ŀ ,1
1660,Ŀ( īҿ),,1
1664,ع  Ŀ,б ¦  ġ ִ  Ŀε 鿡Ե õϰ ;  ,0
1666,ع  Ŀ, ۳ΰ ģ  ó  ̾Ʈ Ѵð ǻ  ˻ϴٰ ã ε ۳⿡  ī׶ 缭 Ծٰ ־     ٽ ٳԾ,1
1668,ع  Ŀ,   100 л ũ   ̰  ߿ ãƿ༭ ϴٱ    Ѹ  񽺷 ּ̾,0
1670,ع  Ŀ,ϰ ũ ̶   Ծµ  Ϲ  ٻ İ ƴ϶ ε巯 Ű İ̾ ,0
1671,ع  Ŀ,      ־µ ¥ ϴ ־,1
1673,ع  Ŀ, Ͻñ   ܸ  а絵  Ŵٰ Ͻô  ܿ   ̴ּµ  ȳ,1
1674,ع  Ŀ,ü  ε  Ŀ ԰  հ    پϰ Ե ʹ ģϼż ̶   湮ϰ  ̾ ٵ ѹ ȸ Ǹ 湮غ ھ,1
1675,ȫ,ȫ ù   ,1
1676,ȫ, չٿ԰  ȫ,1
1677,ȫ,30000 ̻ Ű νŸ ø չٿ  ش,0
1678,ȫ,׷  ̼ 30000 ġ ϰ չٿ 1 1,0
1679,ȫ,ʹ  ʹ  ԰ʹپƤФ ڷγ  ۤФ,1
1680,ȫ,̰ ԰ ;  ,0
1682,ȫ,ݵ ,0
1683,ȫ, ȳԴµ Ұ  ,1
1685,ȫ,źź7000 Ұ 6000 չٿ 44000 ɻ6000,1
1687,õġ, ġ ٿԾ,1
1688,õġ, ģϽñ Ұ60 Ծµ ʿ 3õΰɷ ġ   ӵ      ƿ,1
1690,õġ,Ұ⿡   ũ  Ŷ ġ Ұ 丶  ̷ ִµ  Դ,1
1691,õġ,ٸ Ⱑ  ܿ,0
1693,õġ, ̶ ߾,1
1695,õġ, Ư  ׷   ִµ ġ ԰ ̴  ȶϸ ⿡  ,1
1697,Ÿġ,̹ θ ˷ Ÿġ ٵ9000 ı ,1
1699,Ÿġ, ־  2 ȣ     ,1
1701,Ÿġ,Ƣ ϸ ִ Ư  ° ϴ 쵵 ϰ,1
1703,Ÿġ,ٸ Ƣ ϳ β 3   ⸧   ɴϴ ,0
1705,Ÿġ,   ƢܳŴٸ   ̰ ѱ׸   Ͱƿ,1
1707,Ÿġ,  ģ ؼ Ѱ  Դµ     ޴    ſٰ ϳ׿ ,0
1709,Ÿġ,⸧ µ    Ƣ ʸ ֽŴٸ   ǰ ׿,1
1713,  ,ΰ  ؼ ϱ Ƹ޸ī ؿ ̱ ѵ Ƹ޸ī ־ Բ   ش޶ ϼż øϴ,1
1715,&,ٵ 庸  ¥̸ Ծ ؼ  ,1
1716,&,¥ 5900 ̶ Ұ⹵ΰ ̷͵ ִ װ 4900ΰ ׷ ӵ ְ,0
1717,&,  ѳ  ߴǵ  ־  ϰ  ԰  Ŷ  ʾ ϼ  ,1
1718,&,ִ ߺ ҽ ̶ 񺭼  ܸ,1
1719,&,б ó   ̶  ٵ ¥̸ Ծ༭  ޴   ڴ ƿ ԰   ʹ  Ф,1
1721,Ϸ,λ 쵿 Ϸ,1
1722,Ϸ, īɿ쵿 8500,1
1723,Ϸ, ׳ɱ׷,0
1724,Ϸ,͵  ̴ ̻   ȵ ,0
1726,, ƷƷ ִ  ,1
1727,,б 鷶ٰ  «  ٰ ߰ؼ  尡 4000 ̶    4000 ġ  ġŲ  忴  ġ Ÿ     Ÿġ  丶   ̷  ߷   ΰ ϱ 谡 ʹ θ Ŷ  ˾Ҵµ   ,0
1731,ġ,Ÿ ġ ¥ ʸ ؼ ,1
1732,ġ,ϰóѾ  󱸿,1
1733,ġ,ƽ  ġŲġ Ӱµ,0
1734,ġ,ʹ վϴ٤ФФ,1
1736,ġ, ߰ ʿ ߷մ  ƴ϶     ־ Ҿ,1
1737,ġ,׸  ߴٸε ߰ ϰ Z߾,1
1738,ġ,翬 Ű õ  ߰ ó  ̷  ñϱ ϰ,0
1740,ġ,ٵ ٸ ۿ    ߶ִٰ fµ       󱸿  ´ ϰ   ؼ Ѿ,1
1742,ġ,Ÿ  αⰡ Ƽ ð  ȳ´ٰ ϼ̾,1
1744,ġ,Ե ģϽñ,1
1745,ġ,Ե غϴٶ,1
1749,ġĴ,ġ   ȫ԰ 濡 ̿쵿 ,1
1751,ġĴ,  4500 ε  ǳ 8500¥   ġ Ʈ ,0
1753,ġĴ,Ư¡  ġ      ҹ  Դ    ٰ   پ Ȱµ ֱٿ  ˹ٸ  ڸ ϽŴٰ ,0
1755,ġĴ, 4    ְ ѵ    ƴ϶ ϳ ,0
1757,ġĴ, ʾ ھ ó   ̷ ° ´ 𸣰,0
1761,ġ, ġ  ִµ   ܿ׷  ׻丶ġ ְ 53̾ ִ° Ƽ ϰ Ա 絥 ־ Ư  ߰ ƻϰ Ҵ ǰ ,1
1762,ġ,ٵ ʿ ´ ߷־ ΰġ  Ⱦϴ   ,1
1766, ̾߱, ȣ ܰ ̷ ˰ 4 ȫٴϸ鼭 ѹ Ȱôµ ̶,0
1767, ̾߱,6ÿ̰ ڷγ  õ ٽ ,1
1769, ̾߱,̼ ù Ծµ ,1
1770, ̾߱,ù̿   ۰ ȸ  ̷  Ƹ ħ,0
1771, ̾߱,ö ػ깰  ݾ ٲٰ,1
1772, ̾߱,Ƹ   ,0
1774, ̾߱, 38000,0
1775, ̾߱,ƽ α ı⺸ ѵδ ص 35000̾ͤ,1
1776, ̾߱,ٸ̺  ޴ ȸ2뵵 ̸Դµ,0
1777, ̾߱,  ֳ,1
1780,36Ÿ ȫ,ȫ ŬŸ  ʿ ,1
1781,37Ÿ ȫ, 2μƮ 3̰  ¥¥   õ,1
1782,38Ÿ ȫ, ְ,1
1783,39Ÿ ȫ,㿣 âұ Ծ,1
1786,ī , ﱹ    ̴ ,0
1787,ī ,ǥ ޴ ̴ ī  ߳  ֹߴ,1
1789,ī ,  ϴ ڰ ⿡ ī    §  ʾ ִ ̾,1
1790,ī , Դ ο  񱳸 غڸ ο쳪     پ   Ͽ ׷ ü  ̾,1
1792,ī , Ư  ̾µ ׻  ⸦ ̿  ϽŴܴ  Ծ  ٸ̾ ׷ٰ  Ư⳪ ִٰų İ ٰų  ƴϾ,1
1794,ī ,  ѵ ̷   ٸ İ ϰ  Ư  ,0
1796,ī ,࿡  ƽ   ⺻  ʴ     ̾  ,1
1798,ī ,߳δ    ʹ ®    ü §    Ҵ,1
1800,ī , ڸ  ¥    ַϴ ε ǥ    ֵ Ư  ׸  ĵ   300   ĵ̴   ְ Ա⿡   ̾ ,0
1802,ī ,׷  Ѵٸ   Ծ ,1
1803,ٴȸع,ٵ ٴȸع ,1
1805,ٴȸع,ȸ ¥  ̰  ޴ ־,1
1806,ٴȸع, ģϽʴϴ,1
1808,ٴȸع,ָ ΰ  պϴµ,1
1809,ٴȸع, ΰ   ƹ ,1
1810,ٴȸع,Ȥ  øϴ,1
1812,ٴȸع, óԴϴ,1
1815,ں, ִ°   ־ ȫ ͺ,1
1816,ں,ʰ԰ ,0
1818,ں,ڳ̼  ߴµ  ߾ǰ ,0
1819,ں,۷δ ϰ ,1
1820,ں, ʹ ø ƴ ۰ â ϳ õ,1
1822,ں,   ִ° ⵵ϰ,0
1823,ں,׷ ڸ԰  ,1
1824,ں,1 ǵ ϴ ߰ؼ  ø,1
1826,ݹٴټ, ݹٴ     ݵ â̰  ɰϰ   μ 峭 ƴϿ ,0
1827,ݹٴټ,ȫ   νð ̺  л ־  ش  ȫ л ¥ ƴϳ  Ե   ַ ־ô   ýϴ ,1
1828,ݹٴټ,Ӹ ƴ϶  ú ɰ  ̴󱸿 ,0
1829,ݹٴټ, Ѱ ƴ϶ ̹ ڵ ٴ ŷ   ĸ߽ϴ  ż   ĥ    ڴٴ   øϴ,1
1831,ε鷹,1 ε鷹 1    6000,0
1833,ε鷹,ʵб   ó ִ ,0
1834,ε鷹, 57  θ޴ ,1
1835,ε鷹,Ѹ,1
1836,ε鷹,¥ 䰰 ʹ ־ б ʿ 5 ⼮  ϴ  νŸ  ޴ Ȯ ,1
1838,ε鷹,2 ε鷹 3  ö 4000,0
1840,ε鷹,񼺱ȸ   ó,0
1841,ε鷹,޴  Թڽũ  ʹ    پ,0
1842,ε鷹,   ε鷹1  ֱٿ   ϰ Ա   ε鷹1  ⵵ νŸ  ޴ Ȯ ,1
1844,ι,3 ι   36000,1
1846,ι, ٷ տ ġ ,0
1847,ι, ܿ Թڽũ ī ޴  ٸ ͵ ,0
1848,ι, Ұ ġ3000̶ ſ Ұ ġ 4000 Ծôµ ڴ  ߰ ڰ ־ ܹ ũⰡ   ̶ ϰ   ,1
1850,!쵿,4 쵿  쵿    46000,0
1852,!쵿,翡   ݸ ȴٺ ,1
1853,!쵿,ġ Ծµ ⵵   Ѱ ִ    ˾Ҵ ܰ   ,1
1858, ,ȳϼ  ȩ°  Դϴ  ı⸦ ״ غմϴ,0
1860, ,   ְ  ̰    ƴմϴ,1
1862, ,Ͻźе    򰡺 ϰڽϴ,0
1864, , ְ ,0
1866, ,45,0
1867, ,̴ 3ӵ ,0
1868, ,4,0
1870, ,湮 ǻ       ȥڶ ϴ,1
1872, ,ڷγ ·  ƴٴ ʰ   Ұұϴ,1
1874, ,   ܺ  ̶ ó ñ԰   ϴ,1
1876, ,ϰ 2 ڿ µ ÿ ̺Ʈ  Ͽ  6 20   ¥ ̺Ʈ ־,0
1878, ,̻    ѹ ãưýϴ ,1
1880, ,ù ̶  Ѿϴ  ߶ϴ  ׳ õ常 ٵ Ծµ  ,0
1882, , δ  ü ᵵ  ⺻  Ͱ ѹ  Ͽ Ұغϴ ,1
1884, ,ݱ б   Ұ   Ұغϴ,1
1888, Ű丮  ,ȫ ó Ű丮߲ġ Ĵ ̾ θ η ŭ ְ Ư  Ű丮  µ ,1
1890, Ű丮  , ̻ǻ Ǽ ڶ ġ  ,1
1892, Ű丮  , 7ÿ ϴ 1δ 35 9ÿ ϴ 2δ 18 Ѵ ī  Ѵ  ʼ 10ùݺʹ ޴ ,0
1894, Ű丮  ,  1δ 1ܾ ֹؾ ؼ   ⿡ 0710 ޴ ɺ α پѵ κ л忡  հ  ƴ,1
1896, Ű丮  ,  18¥ 9ÿ ϴ 2  ,1
1898, Ű丮  ,޴ǿ ´ٷ ʴ    Ǥ̤    ޴ ϰ   ,0
1900, Ű丮  ,ù°  ߰װ  λ ߳  ϰ ε巴 Ծȿ  ε ״  Ծþ ߰ ״ ÷̶  λ ,1
1902, Ű丮  , Ű丮 Կ  ߱  ,1
1904, Ű丮  ,԰  ƽ 1 5õ¥ ׻ġ ֹߴµ   Ḧ ϸ ִ ׿ 븮 ġŲƼ и  ٵ ϱⰡ ̾ ,1
1906, Ű丮  ,޴  ˰ 2δ  Ļ纸  ַ  1δ   Ļ ҵ ߿  1θԾʹ,0
1908, Ű丮  ,ȫ ߿ ģȥڼ ѹ   Ѵٰ ,1
1909,ġ,Ʒ Խñ   ġ ,0
1910,ġ, ġŲ  µ Ȧ Ÿ β Ÿ ġ ,0
1911,ġ, 6000 ,0
1913,ġ,   ƴѵ ΰ  չٴ   β,0
1915,ġ,δ Ÿ   ġŲ  Ұ    56 ־ 嵵 4  ־ ,0
1917,ġ,̶   ׽ƮϽŴٰ Ŀ ֽŰ ֽ ĿǸ 3̳ ż ٰ ߴ ī  Ÿֽð ӷŰ ֽ,0
1919,ġ,ٵ  ӷŰ,1
1920,ġ,¥ ,0
1921,ġ,¥ ־,1
1923,ġ,īյ Ĵ    Ծ,1
1925,ī,Ǫ  ī ̻簣 ,1
1927,ī,3 1ϱϰ ٲ 16Ϻΰ Ѵٰϴ Ű ٲ Ǻ ,1
1929,ī,12  µ ο 4 ־  տ ٷ  ̤ ð ֹϰ ĳ ð 45 ɷȾ,0
1931,ī,   ,0
1932,ī,̴ٴ νŲŴ,0
1934,ī,ȥī Ʈ ġ 2 1    2 ̷  ī  ҽ ſҽ    ̰ ġīǰ̶ ȥīƮ Ű  θͰ  ,0
1936,ī, Ҿ ٷ Ƣ༭ ٻ,1
1937,ī,  ϰ   ū ̴ µ ,0
1938,ī, 1ñ ؼ 10оȿ ϴ   ߾ȳ   ,1
1940,극巳,̽Ʈ   մϴ,0
1942,극巳, ִ 극巳̶ ε  ģϽð  ׸   ,0
1944,극巳, ö Ͻ ǪϽ ¿ ũοͻ õ ,1
1946,극巳,ϰ 缭    ̰Źۿ ,0
1948,ö,ö   ĬϹ ı,0
1950,ö,ģ ȫ뿡 ͼ  Ҵ,1
1951,ö,趼â  ķ۽   2籸  ۴Ϸ  ǳ ĬϹٿµ,1
1952,ö, Ƭ߾ٸ ƹ ޸   ȭ ʰ ִ  տ ٰ å  ö,0
1954,ö, ϳ  ,1
1955,ö, ڴ 16000 ī 17000 ,0
1956,ö,         ڴ 23õ  ,0
1958,ö,  2 Ű  5000ݰ,0
1959,ö,ϸ ܺĹ԰ϰ 츮   ⸧   ų Ƣ  κ     ̤,0
1961,ö,ĬϹٸ ˻   ĬϿ      Ƿ  ڼ  ı⸦ ڴ٤Ѥ,1
1963,ö,ϳ   ɰ Ǯε  ,1
1964,ö,׸ ȭ ϴ  ߿,0
1965,ö,뷡    ˼,1
1966,ö,˹ٻ ģϽô,0
1968,ö, ѹ Ĭ ö  Ѱ̴ ѹ  پϰ  ϴ ,1
1969,ö,񽺴 ظϸ ֽô   񽺷 ֽ     ޴   Ƽ Ϲ ޴  ٸ  ȭϰ  ִ 񽺸     ,1
1970,ö, ߵ ⸧  ָ   ִ ȭغ  ⸧̴  Ȳ ϳ  3 ߴ,0
1972,ö, Ŀ  ߰ڴ ,1
1974,ġ, ġ ȣ,0
1975,ġ,ȫ뿡   ִ  ġ Ծôµ ̹ ȫ 2 ڽ͵101 ǹ1 ʴٰ ϴ ġ   ø,1
1976,ġ,ġ ȣμ ʾ  ؼ   ,1
1978,ġ,  ġ  带 ߴµ,1
1979,ġ,ġ غ,1
1981,ġ, ġ,1
1983,ġ,   ġŲġ ԰ ; ٵ  ٰ Ԥ ƽƽ ׷ ȣȣŶ  ġ   1 ֳĸ ״ ⺻ġ  ϰŶ ߱⿡,0
1984,ġ,ٵ 丶並 Ͱ ̳   ˰  ߷־丶 ̰  վ ٸ Ǵ ̾,1
1985,ġ,ġ   ǰ Ҹƴѵ ƹ Ŵٺ ξ ־ ⺻ε ġ   ̾,1
1987,ġ, ,1
1989,ġ,    ̽ 巹̾   ȴµ    ̾ ׷ Ÿ      Ÿ   ÷ε  β   56 ־  ä ż߰ پ ä   ־ ִ      ʰ  ޾ ٵ  Ƽ ϴ ̶ ٸ ᵵ   Ŷ   ,1
1991,ġ, ŭ  ٴ ߰  忡  佺 巹 ־ Դ   ؼ ׷  Ÿ  ,0
1992,ġ,  ġŲ  ־µ      ߰   ƹ  ƺ ݵ 6000̰ ¥ ,0
1993,ġ, δٰ   ְ ȫ뿡 峪 ġ  Դ е ƽǰ   ,1
1995,ġ,㿡  ġŲ ġ Ծ Ф,1
1997,ġ, оּż մϴ0,1
1999,,Ư¡  ܱ ѱ  üڿ丮 ִ ,0
2000,,   3750湮 ǻ ,0
2002,,ȫ  ΰŸ  2ҵ ã  迡 ̰   û  ִ  ߽߰ϴ ü  ̶µ Ȯ ̷ Ŀ ͼ   ó ޴ ҽϴ ,1
2003,,޴ Ǽ  ޴ 12 Ѱ 3 Ĺݴ  ˴ϴٸ κ 2 ߹̶ Ͻø ˴ϴ   ÿ ġ ũ   پ ޴ ־׿,1
2004,,ó  Ʈ޴Ǹ ֽôµ ٸ ޴ ޶ ûϼž մϴ,1
2006,â , 2κ,0
2008,â , 迡 øϴ,0
2009,â , ֿ ϴٸ,0
2011,â ,⳻  ̳,1
2012,â ,̺ ɾ ϴ ؾߵǳ,0
2013,â ,   ̾  ,1
2015,â , ʿ â  ° ƴ϶  ֱ⶧   Ⲩ Ѵٰ ߽ϴ,0
2017,â ,׷ ʹ     ׷  ϴٰ մϴٸ ʹ  ϴ,0
2019,â , ȸ԰  â ȫͼ óԴϴ,0
2021,â ,̰    Դϴ   Ǹ  øϴ,0
2025,Ÿ ¸ ,б  Ÿ ֱ ѵ ȫŸ  ޿ ͼ ɾ ִ  ġֱ,0
2026,Ÿ ¸ ,־ ݴ밡    Ծ ־  ,1
2028,Ÿ ¸ ,ó ̴ ĽŸ  һĽŸ10500ε ¥ ־ ѵ  ׷  ʰ  ʰ  Ͻ ܾԾ,1
2030,Ÿ ¸ ,ڴ 9000ε ϰ ְ,1
2031,Ÿ ¸ ,ȫ  Ÿ     ִ ̿ ,1
2032,Ÿ ¸ ,  ׹    ְ      ƿ䤻,1
2034,Ÿ ¸ ,  θ̶ µ   ־ ߿  ͵   Ҿ ð  ѹ ,1
2035,,Ƽ   Ĵ  «,0
2036,,8000̰ Ͼ« « ,1
2037,,ݵ ׸ Ⱥΰ ,0
2038,,ٸ԰ 䵵 ϴ¸ŭ ܿ ۼ ¥ ƸԾ ־ ϸ  ¡,1
2040,â, â 1987 â,0
2042,â,ġ ھ        ִ  ٲ ,0
2044,â,ġ Ƽ  ׻  µ,1
2045,â,¥ ʹ ְ  Ե Ƽ,1
2046,â,ȸ ھ  ẽ Ф,1
2048,â, 11  ߴ   ,0
2049,â,湮 34ȸ  ߴµ  ѿ â  ,0
2051,â,켱 ؿ  Ų ޴,1
2052,â,1987   ,1
2053,â,뿡 â â â  ,0
2054,â,ؿ  2κε 縹 ,1
2056,â,ʹ    Ŷ ,0
2057,â, ٷ  Ǵµ ¥  Ф,1
2058,â,   ε巯,0
2059,â,׸ â    ,0
2060,â, ¥   ־ ʹ ְ  ̶,1
2061,â,ֺ ڶϷ Ӥ,0
2063,â,ҽ ⺻ â ҽ ҽ ⸧̶ ұ ̷ µ ҽ  峭 ƴ ,0
2065,â,䵵 ⺻ â ̶ ٸ   ġ   ̷ µ ¥  峭  ֽ ҽ  ߶ װ ٷ   ,0
2066,â,䵵 2κε   湮  ؼ 񽺷  ֽ Դϴ,0
2068,â, 簡 ʹ ȵż 񽺵 ֽô   ,0
2069,â,¥    â 1 ε,0
2070,â,ٵ  ڴ,1
2071,â,  ȫϰ ģ µ,0
2072,â, ʹ  Ÿ ۵ ó ẽ,1
2074,â,ϱ  ٵ ִ â 弼,0
2075,â,ȸ ڴ  ФФФ,1
2076,޾,űڿ ޾ ߳,0
2077,޾,ѿȸ ޶ܼ ϱ 1 17Ϻη ,0
2078,޾,   6 ,0
2082, ĥ, ǻ  Ĵ ̿,0
2083, ĥ,׷ 赵  ű ޴ ־,0
2084, ĥ,  κ 丶 ĽŸ ޷  ĽŸ ,0
2085, ĥ,   ޴  ѹ     ؿ,0
2087, ĥ, ع  ũ Ƕ ÷ 񷹿,1
2088, ĥ,Ѵ  13000,0
2090, ĥ, ũ   ſ ׸ ſ ũ̶     ,0
2091, ĥ,  ģ     ߸Դµ ̰   ,0
2093, ĥ,÷ 񷹴 ÷  ʰ    췯  û߰  ׷ Ϲ  ĽŸ   ʾҾ  ǰ ڸ  ع Į  Į ƴ ĽŸ  Դ ̶ ϰ ; ̰ õ,1
2095, ĥ,Ҵ ϰ   ̶ ϴµ     Ծ ⵵ Ŀõ   ƿ,1
2096, ĥ,Ư ںе  Ұ ƿ,0
2098, ĥ,ȣɿ ѹ   Դϴ,1
2099, ĥ,  ι   ׿䤾,1
2101,, ڸ,1
2103,, ְ ԰ 븸ߴµ ׳   ټ  忰 ߵ    ػ깰  ֳİ Ͻ  ,1
2105,,찡 ;ų ż ʾҴ  ,0
2107,޸,޸  Ծ,0
2108,޸, ־ ȫ ٰ  ְ  ޸ ,1
2109,޸,ī ũ ̴߽ ڴ ִµ 䳢   ƴϿ ؼ  ۿ,0
2111,޸, ǰ Ͻð  ټô,1
2112,޸,׸   5    ΰ ű߾ ݵ  ΰ,0
2114,޸,  ׷ ԰ ǰ ũũؼ ڵ Ұ  ڵ ,1
2116,,̵  ݾҳ,0
2117,,Ͽ µ  ְ  ߴٳ׿ϼ,0
2118,ġī, ¾ ó Ծ  ī,1
2120,ġī,κ  ־µ ҹٸ  ο,0
2121,ġī,ʹݿ    ߰ û   ¥ ־,1
2122,ġī, 纣 ö Ǫ 񽺹 Ʈ ̴ּµ ̾ϴ,1
2123,ġī,ī ġ ո ݿ ȫ ó   ִٴ    ƿ,1
2124,ġī,  ״  μ ߿     ,0
2126,ġī,ġ 35 ʴ  𸣰ھ,0
2130, ũ,ġ  ̶  ǹ 2 Ʋ ,0
2132, ũ,   6000 Ȧ̴ 34õΰ ȳ,0
2134, ũ, Ƴ ̶ øϴ,1
2136, ũ, ȣڸӷ ׷,1
2138, ũ,ȣڸӷ  ʿ ִ  ,1
2140, ũ,ȣ ûε巴 ȣ ϰ ϰ  Ǿ־ ȣڸ   ޾Ƽ ӽ   ӷ ޴ؼ ̸ ׳  Ѵ  Ծ ̴ ó Ŵٸ ȣڸӷ źñ ñ״óԴϴ ñ״    ȥ,1
2142, ũ,׷   ,1
2144, ũ,û Ư     ƴ   ݷ Ⱦϴµ   ִ ݷĨп ٻٻ İ   ־ ؿ    ũ ְ  ׷ũ ִµ Ʊ׳ɳʹֽϴ,1
2146, ũ,    ؿͼ  Ծϴ ⺻  ε   β ̱  Դϴ   ŭŭؼ İ  Ҿ  ȹ ҿ    Ͻô  ϴ   ,1
2148, ũ,ü ̰ û β ׷  Ծ ҷ ġ  Ǫ̱⶧ Ľ      Ʈκ ٻؼ ִ ũ̶   İ뷱  ٴ Դϴ ׸ Ʈ ġ   ü  ʹ    ִµ  Ʈ     ִ ̶ ü ǰϸ鼭   °   Ư¡  ϴ,1
2150, ũ,׸ ֹ µǾ־    ־ ϰ κе ģϽ ,1
2156,ù,ȳϼ  ϰ°  Դϴ  ı⸦ ״ غմϴ,0
2158,ù,   ְ  ̰    ƴմϴ,1
2160,ù,Ͻźе    򰡺 ϰڽϴ,0
2162,ù, ְ ,0
2164,ù,35,0
2165,ù,̴ 3ӵ ,0
2166,ù,35,0
2168,ù,湮 ǻ  ɾ  Ȱ ߱ Ű  ŵϴ,0
2170,ù, Խù ø   23 Ծ Űٺ غ  ְ Ͽ ϼ̵Ǹ øٺ ö ֱⰡ ġ  ϼǴ  ø  ߺǰ   ϰ   ϰ ּ ,1
2172,ù, Ȳ Ȳ̰        ֹ  Ű  ׷     ߱ ϳ Ұغմϴ,0
2174,ù,켱 δ Ѱ  鷶 2    ϴ ,1
2176,ù, մϴ,0
2178,ù, ߰ؼ  κп  űԴϴ,0
2182, īȭ ,Ÿ   ϰ ٰ  ôµ ¥  ʹ   Ƽ ø ,1
2184, īȭ ,Ʈ޴  丮 ߿丮   2  ¥ «   2 ؼ 22000 ̾ ,0
2185, īȭ , 丮 ߿丮 «2 ߾,0
2187, īȭ ,߽   丮 μ   Ծµ Ʈ   ־   湮   ,1
2188, īȭ ,ű  ʹ ģϼ̾ ĵ ְ 񽺵   ߴ ϰ Ǵ ,1
2190, īȭ , ̰ Ѱ   Ծ ٸ     ִµ   õ,0
2192,̿쵿 ,1   68õ,0
2193,̿쵿 , н  Ϻ ī Ÿ 쵿 Ĵ 쵿 Ϻε   ȫ ְ   ϳ,1
2194,̿쵿 ,쵿 ޴ 67õ ư԰ 2500ε ݴ ſ ,0
2197,  ,1   1525,0
2198,  ,︲ұ Ÿ ġ ߽ĭǪ带 Ĵ  ī  ,0
2199,  ,õ ޴ ī12 Ÿ25 ,1
2202,,1   1525,0
2203,,︲ ұ Ÿ ʿ ġ ΰ  ߱ θ Ǵ  ٸ ߱    Ĵ޸ ϳ ,1
2204,,õ ޴ ౸ǥ  075  3 10 ,0
2207,,1   ,0
2208,,ʿ Ǽ   ִ ߱  Ǹϴ ߱,0
2209,,õ ޴ ɿ Ĵ  7õ  ̳ 丮   ãư ʿ ,0
2212,īŸī,1  ,0
2213,īŸī,9ó ִ Ϻ Ĵ  ,0
2214,īŸī,õ ޴   ׳ ° Դ° õ   ɽð11ù12ùݿ ǰ޴ ȾƼ  ΰԸԴ° ,0
2217,߻̸,1   ,0
2218,߻̸,ȣȭ ʿ ִ  ֱ  ٸ  Ƽ   ܼ    ,0
2219,߻̸,õ޴ ɸడ  8õ,0
2222,źź,1   ,0
2223,źź,ġȼ ǹ ִ źź Ĵ  ߱ źź ƴϰ Ϻ źź,0
2224,źź,õ޴ źźۿ  ΰ ſ ִ,1
2227,ī,1  35̻,0
2228,ī,н  ̿쵿ó ִ ʹ ̵ þ ġ      ؾϰ   ڽ 35,0
2231,͹ũ,1  15,0
2232,͹ũ,б  ٺ ִ ɟ尡 10ÿ µ ڸ ټ   ִ ̺ ȸ   ߸ 1ð  ٷ   ,1
2233,͹ũ,õ޴ ɟƮ 15 ׷,1
2236, ,1  15,0
2237, , ؼ  ĽŸ Ĵ      ɽϰ Ǿ   ӵ ſſſ  ȣٴ ԰ ⿡  ü ,0
2238, ,õ޴  2 ū 33,1
2242,ݺĴ,1  ,1
2243,ݺĴ, ް ִ   ø    ҿ  Ǵ Թڽũ  ̸̹  Ϻ 󸶳 1  ϰ  ó ְ ,0
2244,ݺĴ,õ޴ Ư9õ,0
2247,Ե,1  1015,0
2248,Ե, ϱ ָ  ġ   ׳  ãư  ȵǰ       ƴ϶ ũ Ƣ̶ ص ,0
2249,Ե,õ޴  9500,0
2252,,1   ,0
2253,,Ŀ   ġ «Ͱ «͹ۿ Ĵµ  ̽ ä ܶ  ִ «̶ ѱ׸  ϴ  ̽ϰ 򱹹 ̽ 2 ִµ Ѵ   ߰,1
2256,,1  2 ,0
2257,, ϱ ָ ġ ִ ĥ 丮 Ĵ  Ż  Ѵ ũ ¦ ƴ϶ ġ ҿö  Ĵ ȵǴ   ϳ ٸ ĽŸ Ÿ̻ ϰ ƶġϰ  ִ,0
2258,,õ޴ 18 ƶġ8000,0
2261,Ÿ,1  15,0
2262,Ÿ, 1ⱸ տ ̱ ϴ Ÿڰ ǰ Ʈ   ԰ Ÿڶ ġâ  ִ ڱδ 谡    1μƮ4μƮ ִ,0
2263,Ÿ,õ޴ ׳   Ʈֹ ġâ ,1
2266,̳,1  3 ,0
2267,̳,    ִ ߱  ߱丮ٴ ѱ ߱丮  Ȱ  ȼ     л  δ ݴ밡   θ̶  ,1
2268,̳,õ޴ Ʈ3 ,0
2271,̺Ÿ,1  1,0
2272,̺Ÿ,ص۱  Ⱦܺ    ִ Ÿⵤ  ҷ  ⸦ ø  ߲ġ Ĵµ    ׳ Ÿ ,0
2275,й,1  1 ,0
2276,й, ϱ ָ ġ ص۱  Ⱦܺ  ʿ ִ  񽺹Ѱ Ȱ Ĺ  ѳ ̱    ִ  ,0
2277,й,õ޴ Թڽũ9500,0
2280, ˷,1  1020,0
2281, ˷, 1ⱸ  ִ ± Ĵµ ȫó ± ߿    ± ջձ ƴϰ  ѱȭ ż ϰ    ٸ Կ  Ĵ ±ĵ ⼱ ,1
2282, ˷,õ޴ c16 Ŀ 2 ,0
2284,ĺ,б ó  Ŀ Ǻ Ծ ,1
2288,ɸ ߽,ڿ  ߰ؼ Ծµ ࿡ ִ ɸ̶ ٸ ν     ɸ࿡     ȥؼ  찡 ִٴµ ׷ ̽ ׷ ǿܷ  󺸴 ¥  ٵ ī ɸ̶ ؼ  ĮĮѰ ߴµ ׳    ʰ  տ Ķ ߰ ֱ淡  ſ  ϰ ־   ߿  ߰ϸ Ϲ ɸ  ʵǴ ϱ,1
2289,ɸ ߽, 쵿 ߾ƾƾƾƾƾǰ   µ ׳  쵿̶ ϴٰ   ׷   ̶ ׷  ܴ ̱  ϸ µ ƴ϶ ¸ ɼ ϱ ¸ Ű°   ̱Ѱ ص ؼ ڷ Ѹ ڰ 400׷̾ɷ ϴµ ƹư  ,1
2290,ɸ ߽, Ҹ  ź     ¥ ѵ  ̶  ִ°Ű   ¥ ߿ 信  Ŷ ְ ,0
2291,ɸ ߽,  ʴ 8000 絵  䵵 ϱ ٸ  ȣȣ   ϱ  ˾ƺ  ,0
2297,ڸ,ȳϼ  °  Դϴ  ı⸦ ״ غմϴ,0
2299,ڸ,   ְ  ̰    ƴմϴ,1
2301,ڸ,Ͻźе     ϰڽϴ,0
2303,ڸ, ְ ,0
2305,ڸ, Ѹ,1
2306,ڸ,̴ 3ӵ ,0
2307,ڸ,3,1
2309,ڸ,湮 ǻ  Ѵ޿ ѹ   Ͱϴ,1
2311,ڸ,  ̳   ù õõ ʷ øڽϴ ,1
2313,ڸ,̹ ù Ѹ̴       ˷帮ڽϴ,1
2315,ڸ,̹  ġ  ̴ٺ  ü ٴ° ̸ ϴ,1
2317,ڸ,   ġ 9900  ָ 12900Դϴ,0
2319,ڸ, Ŷ 11ùݿ ؾϰ   11 50п ߴµ  ϴ,1
2321,, 극 Ŀ Ŀ ũ⿡    α  ȣȭο       ¥   ФФ ,1
2323,,Ŀ尡 ¥ ̾ ȫ ʹ ְ   ˾Ҵµ ˵˵ϰ  ĳϰ  Ф ݴ ߰ ߰ Ʈ  κ ƴѰ  κ     ϰ  ФФ ȫ  1 ɴ  ó 帴   ˾Ҵµ ⵵ ϰ ¥ ִ ,1
2325,,ǳ ܸ Ծ ణ ޴    ԰;µ ¥ 븸̴,1
2327,,극 ѿ  ˰ İ ʹ  ӿ ͸     ,1
2329,,Ļ ǳ ǰ̰ α 淡  纽 Ѻκ  ¦ µ  ¥   ٽĻ ܰؼ Ⱦϴµ Ļ ʹ ʹ ִ 佺ƮظԱ Ʊ ׳  Ծ ִ,1
2331,,Ŀ   Ծ ,0
2335,īȭ,Ǵ    2 ,0
2337,ζ, ζ ÷ֽź  մϴ ФФФФФ չٿ  ġ ϰ ְ ¥ ,1
2343, ȣ, ̿ ߽ ִ° ֱ,1
2344, ȣ,ȣ Ĵ°,1
2346, ȣ,ýóȣ ũȣ ġȣ ְ 850011000,1
2348, ȣ,ýó̶ ũ Ծµ ýó  ־ ũ  ũĽŸ ũ,0
2350, ȣ,ִ īŻ  ε Ű ظ Űſ ֵ,1
2352, ȣ,غյε Ưϰ ְ ⵵ ,1
2363,, ǰ̶ ߱ ȣ ٲ ,0
2365,,⺻ ߱Ŀ 븸 ַ Ȱ ִ,0
2367,,ڰ   9500¥ ,0
2369,,Ծ  絵    ¦  ⺻ ġ ϴ  ,1
2371,,    ʾҰ  ϸ ׳ ߴ       ϰ ڸ ణ  ,0
2373,,׷ 湮 ǻ簡    Ծ߰ڴ,0
2377, Ĵ,Ƕ̽ 9900,0
2378, Ĵ, 9900,0
2380, Ĵ,¥ ִµ űϰ մ  ÷,1
2381, Ĵ, ޴   źϰ «ִµ ź Ծ ߰ «͵ ǰ ־ «,1
2382, Ĵ,ȫ Ÿ   ȸǽø Ĵ  ǳ   Ĵ ټ ٷ Ǵµ Ĵ õ  ¥  ܵ ̻ ŭ  õ մԵ   ذ ȵǴ ĴԴϴ   ҰԿ䤾,0
2385, Ʈκ,ĽŸ 8500  ҰҹĽŸ 8900,1
2386, Ʈκ, ı ,0
2388, Ʈκ,  ߴµ ޹ Ƹ ſ ó ȸϴ Ÿ õ ı⸦    þ,1
2390, Ʈκ,ĽŸ̶⺸ٴ   µ    ׷  ͵       ָ߾  ٴ    Ƽ ū      ְ  ִ ĽŸ  ;,0
2392, Ʈκ,ҹĽŸ    Ұⵤ信 丸  ٲ ̱ İƼ ҰⰡ ״ ȭ ʾҾ 鵵 ʹ    ұ,1
2393, Ʈκ, Ľź    ڸ 񸰸 ʹ  öͼ ԰ڴ󱸿  ģ   Ծ ̰  ƹ ص ߸  ϼ̰ų   ο ,0
2394, Ʈκ,ũ 丶2ũ8 ̶ ޴ ֵ  ũ ε  ֹ ̶ ؾұ û δ ƴѵ ׳ ָ߾,0
2396, Ʈκ,׸ Ʊڱ ȫ  ̾ 2μ 4μ Բ  6̺  ־  ƿ Ŀ Ʈ δ մϴ  ġϴٴ  ޾Ƽ θ  ־ ȥ ƺ,0
2398, Ʈκ, Ų ޴鸸 ο 𸣰 Ͻô  Ե鲲 ˼ؼ ɽ ѵ ׷ пԵ鲲   帮 ; ۼ߽ϴ Խ ãƺ õ ۵ ׿   ־  ּ ,1
2400, Ʈκ,׷ ٵ ִ   ð ູ  ñ ٶϴ оּż ؿ ,1
2402,ī& ĥ 7in, 1 ⱸ ͼ ݸ ٺ  ī ĥ 7,1
2403,ī& ĥ 8in,氡ٰ ԰ ʹ ð̶ ô٤,1
2404,ī& ĥ 9in,  ī ޴ ,1
2405,ī& ĥ 10in,  ܸ ֹ߰ ʴ 񽺤,0
2409, ,ÿ ӿб ó κ ,0
2410, ,ʹʹ ˴,1
2411, ,޴ ,0
2412, ,⺻ڷ ̷ ,1
2413, ,í 2 öִ Ƹ  ̶ ߰ε,0
2414, ,ưϰ  ϳ µ   ̴ֻ ФФФФФ,1
2415, , ְ  ûû÷ ģϽ,1
2416, ,׸ ̶  ߰ 1ȸ ε,1
2417, , ϴ  ε  ߰ϸ   ƿ 1κ    ,0
2418, ,ڰ   ϰ ,0
2419, , ι,0
2423,ʹ,󸶴 ó ġ,1
2424,ʹ, 12ǽ ,1
2425,ʹ,Ұ1 ġ3 3 2 1 1 1,0
2426,ʹ,ǳ Ư 10ǽ¥ 1 ʹ丸 Դ,0
2427,ʹ,  ְ׷̵  Ծ  ,0
2428,ʹ,Ȯ ġ ,1
2429,ʹ,Ư ȸ ŭؼ,1
2430,ʹ,δ Ⱑ û ,1
2431,ʹ,  ö,1
2432,ʹ,Ư 11õư,0
2433,ʹ,Ưʹ䵵 18õ 2,0
2438,ߵȸ,λ,1
2439,ߵȸ, ұ  39004500,0
2440,ߵȸ, 5500,0
2444,ɸ ߽, ī ڸ  ,1
2445,ɸ ߽, ӽ ̶ ǸŶ ,1
2447,ɸ ߽,ɸ̶ ҹ   Ȱ  8õ,0
2448,ɸ ߽,ɸ   ߴ    ,1
2449,ɸ ߽,Ʈ ߰ ֹϸ 1,1
2450,ɸ ߽,ɸ      ִ ŷ ϰ,1
2451,ɸ ߽,ҹٴ    ִ ŷ ,1
2453,ɸ ߽,īɸſ    Ƽ Ծôµ,1
2454,ɸ ߽,  β ¥ β İ 쵿,0
2455,ɸ ߽,ô  ־  Ծ    Ծų  ʰ  Ȳ ϴ ,0
2456,ɸ ߽, ׷  ʴ Ŷ ,0
2458,ɸ ߽, ϳ ƽ  ִٸ,0
2459,ɸ ߽,ν  ģ ٴ ,1
2460,ɸ ߽,    µ,0
2461,ɸ ߽,  Ծϱ ν  Ȯ ,1
2462,ɸ ߽, ͸ ؼ   ,1
2463,ɸ ߽,  Ϲ ɸ  νø ,1
2464,ɸ ߽,װ Ⱦϴ ̶ ȣȣ   ,1
2465,ɸ ߽, ν ĵ̱ ѵ ׷  δ,0
2467,ɸ ߽, µ մԵ ǰ ϳϳ õ,0
2468,ɸ ߽,Ÿ ̶ ǰ ް  Ͻ÷ ,1
2469,ɸ ߽,߿  ¡,1
2471,ɸ ߽,  ؾ ,1
2472,ɸ ߽,ƽ ,0
2476,,ݿ㿡 ģ б ȴٰ 𰥱 ϴٰ,0
2477,,÷  淡 ,1
2479,,׸ ĽŸ µ ߺ,1
2480,,ٵ   ߺ ,0
2481,, Ϲ ߿ Ĵ ߺ ϰ  ̾ Ѹ ϸ ҵ,1
2483,,ص  ޺ Ʒ ,1
2485,ҿ,ҿ    û 1 10ϳ ФФФи̰ ھƸ޸ī ʹ˴ ,0
2488,Ÿ,Ѹŭ  Դϴ,1
2489,Ÿ,38000,0
2491,Ÿ,̼ Ծµ ó  Դ  ̸,1
2492,Ÿ,ڸ    ϴ Դϴ,0
2493,Ÿ,        Ծϴ,0
2495,Ÿ,  ÷ ϰ   ϴ,0
2497,Ÿ,,0
2498,Ÿ,Ŀõ ƿ,1
2500,ҿ,ҿ  Դµ 񽺷    ũ ּ̾Ф  ö 佺Ʈ ̶ ֽô ν Ԥ   ٶϴ,1
2502,ڳʽũ,  ڳʽũ,1
2504,ڳʽũ,Թڽũ,1
2505,ڳʽũ,ũûԹڽũ,1
2507,ڳʽũ,  óε ѵ ٰ ڱ   ٿԴ  ó ǸŰʰ ̾,1
2509,ڳʽũ, ι°  ũû û   ȳµ Ÿ޴  ſ ƴ϶  ַ ½ Ѵ ٸ ŵ鶰 Ⱥôµ ٿ   ־  ҽ ¥ ִµ,1
2511,ڳʽũ,ȫ ι Թڽũ ޴ 1000 ༭  ٰ 8500̰ ũû 9500ΰ 9000ΰ ׷  ٿ  ߰ ѰŶ   ,0
2513,ڳʽũ,ȫ Ҷ ϸ ְ 75009500 ̿    ־   ٰ Ԥ ׸    Ϲ Թ Ƽ ٸ   Ⱑ ˳ϰ ־ ,1
2515,ڳʽũ,ٺ  ԰;,1
2517,Ȳ,Ȳ Ȥ,1
2519,Ȳ,ħ 11 ڸ ,0
2520,Ȳ,ѻ  ȵǾִ°ŷκ ݹ̾,0
2521,Ȳ,׷ å Ĺ  ϱߴµ ݹϱ ̰ ,0
2523,Ȳ,쵿Ʈ 6500 ״µ ϴ ܰγ γ ſ հ̶ û ,1
2525,Ȳ,ٵ Ծϱ    ϴ ⳻ΰ װŶ ԰ ,0
2526,Ȳ,쵿 쵿̽ ׳ ̰   ̴ Ը    γ İ ,0
2528,Ȳ, Ƣκ ٻٻϰ ߴ,0
2530,Ȳ,ݹ غ Ȱ  𸣰ڴµ ϴ  湮ǻ,0
2532,Ȳ, θε ȥڼ   θؼ  ,0
2534,ٵġ,60  ﰡ ִ ٵġ Ŀ   ̿ ,0
2538,丮 Ȳ,丮 Ȳ  Ե ǹ  ,0
2540,丮 Ȳ, ,0
2542,丮 Ȳ,ȳϼ      ǰڳ׿  ı⸦ ״ غմϴ,1
2544,丮 Ȳ,   ְ  ̰    ƴմϴ,1
2546,丮 Ȳ,Ͻźе     ϰڽϴ,0
2548,丮 Ȳ, ְ ,0
2550,丮 Ȳ,,0
2551,丮 Ȳ,̴ 3ӵ    ߽ϴ 45,0
2552,丮 Ȳ,3 ۿ ڽϴ,0
2553,丮 Ȳ,쵿   ȸ     ,0
2555,丮 Ȳ,湮 ǻ       ,1
2557,丮 Ȳ,  ٲ ̶ ϰڽϴ,1
2559,丮 Ȳ,ð Ƣ  ÷ ˼մϴ,0
2561,丮 Ȳ,б ö󰡴  ܼ  ̺Ʈ Ѵٰ Ͽ ѹ ҽϴ,1
2565,īȭ,  Ｑ« ״µ û θ   ĥ  ȳµ  ؼ    ¥Ÿ ,1
2569,   , ѱ׸ 4900,0
2570,   , ¿ մ,1
2571,   , ̵ վ,1
2572,   ,ġ  ¥,1
2574,   ,׸ ī佺 ѹ ,0
2580, ġ,ȳϼ   ι°  ǰڳ׿  ı⸦ ״ غմϴ,1
2582, ġ,   ְ  ̰    ƴմϴ,1
2584, ġ,Ͻźе     ϰڽϴ,0
2586, ġ, ְ ,0
2588, ġ,,0
2589, ġ,̴ 3ӵ  ԰ µ   ߽ϴ,0
2590, ġ,35 ݰ ϴ 𸣰ڴ ,1
2591, ġ,յ   ܱ  õ,1
2593, ġ,湮 ǻ  ܱ ,0
2595, ġ,  5  Ǹ԰  ϴٺ  8ù Ǿ ͽϴ ,1
2597, ġ,  ȴµ 8ù 9 Թ  ݰ ִ󱸿 ,1
2599, ġ,׷ ׳  ƹ  ؼ    ġԴϴ,0
2603,ǽŹ,ģ ǽŹµ 50 ٷ ܹŸ ޾Ҵµ ó ֹҶ ġ  ش޶ߴµ ڱ 50и ô 𸣰 ġ ־ٰ Ͻôµ  üġ ؼ  ô ε ׷ ش޶°ž ˼ϴ  Ͻð ش޷ 50 ٷȴµ,0
2605,ǽŹ,׷  ̰ Ĵϱ Ƽ ޶پ ׷ ׷ ٽش޶ߴ ش޷  ֹ̹зִ,1
2606,ǽŹ,׷ ׳ּ 50̳ٷȴµ 9ÿ  ߴµ ,0
2607,ǽŹ,ٵ   Ѵٰ ׷ 40 ٽðڳĴ°žߤ ƴ  ְ ְڴٴµ ̰Ը̵Ǵ űִе  Ȳؼ ּ ߴµ ڱ ᰡ ó ٽýѴ ϴϱ Ķ 丶䰡 ׷  ּ ߴµ  ׳ ̷ ϴ,0
2609,ǽŹ,ᱹԱԾµ  ̷ г Ĵ ó̶ ۾ ᱹ ĳ 1ð 20 ɸ,0
2612,,ȭ 5500,1
2614,,  ̾,0
2615,, ̰ ֱ ̶    Ը ƹ ,0
2616,,  Ŵ ־ ٵ ø ׷ ¥ҽ ʹ ¥  ϳ  信 ÷,1
2620,׹,   ܾʿ,1
2621,׹, ó ־  츮  Ծ,1
2622,׹, Ű 6õ  ƴµ    ̤ ,0
2623,׹,ַ ׹ ε  ׳ ŵ ־  簡Ʈ Ŷ ̶ ư鼭 Դ´ ,1
2624,׹, ¥ ģ  ü׸ ģ  հ ´ ε  ΰ ٽ   Ѵٴ  ̿  ̾,1
2625,׹,        ٵ ѹ  ϰ,1
2627,׹,󷯵  ,0
2630, Ÿξ,1213ϱ Ư Ǹ,0
2631, Ÿξ,ī̼14000,0
2632, Ÿξ,    ,0
2638, ʹ,ȳϼ   ó  ı⸦ ״ غմϴ,1
2640, ʹ,   ְ  ̰    ƴմϴ ,1
2642, ʹ,Ͻźе     ϰڽϴ,0
2644, ʹ, ְ ,0
2646, ʹ,,0
2647, ʹ,̴ 3ӵ ԰  ͽϴ,0
2648, ʹ,,0
2650, ʹ,湮 ǻ  ȥڵ̸ Ѵ,1
2652, ʹ,ϴ  ʹ   ʹ Ͽ  ʹ ׽ϴ ,0
2654, ʹ,  10  찣 2   1 13000̶   ߽ϴ,1
2656, ʹ,̷ ó   ع̿µ     ϴ  ߸  ߸  ο  ,0
2658, ʹ,̰̰ ع  ʹ Ƽ ¥ ʹ ҽϴ ,1
2660, ʹ,׷ ʹ 밨   ׷ ٷ ʹ Խϴ,1
2662,,̿  ,0
2664,,ȭ ΰ ޴ ׷ ֱ淡 Ծô ̰ õε  ȣȯ   ¡  ְ Ҹ    ´ ſ ״µ ̳ ſ Ծʹ н Դ õ  ġ Ȯ ħ ԰ ôٰ νÿ  ޷°Ϳ     Դ ٵ  ϰ 谡  ֳ ,1
2666,,ĥ 䵵 Ծµ 鼭 Ծ  ߱   عȴ   Ƽ Ȯ    Ծȿ  ƴٴϸ鼭    ȭӴ Ҹ ߴ ûط   ¥  ؼ Ҹ̾µ   ϱ ¥ҽ 񺭸Դ° Ƿʰ  Ծµ  ǳ,0
2668,ȫ,ȫ ¥ Դϴ,0
2669,ȫ,¥5500,0
2670,1976,1976 ϰϴ ,1
2671,1977, ϰ ⺻ Ұ ұƽ ̴ ,1
2672,1978, ¥   ,1
2673,1979,ä Ѽٿ Ӹִ ,1
2674,1980,ȫ ̺ Ұ 1κо  ֽŴ ,0
2675,1981,ᵵ ݰ ֽŴ ,1
2676,1982,̶  ,1
2677,ĽƼ,ĽƼ ʹ մ ༭ ϰ ձ Ƽ վ ,1
2678,ĽƼ,߰   Ѹ  ,0
2679,ĽƼ,ǰ  û ϰ Ʈ  ε ٸ     ڶ   Ʈ԰  ҷ,1
2683,Ĵ,Ĵ ġ 8500,1
2685,Ĵ,   ̾ ,0
2686,Ĵ,ٵ ׳   Ŀ ġ ԰;,0
2687,Ĵ,Ȥó нĿ ñ ãƺ,0
2688,Ĵ,лȸ ¡ ,0
2689,Ĵ,ű㿡      عƼפ ,0
2691,Ĵ,  ϴ   ⶧,0
2692,Ĵ,Ƣܳ ĵ  ȣ Ͻ  ״ δ,0
2694,Ĵ,ư ı,1
2695,Ĵ,  ƴ  ġ  Ұ ٴ ̴ ٷ Ƣ༭ õõ Ծ ٻϱ ,0
2697,Ĵ,  ϳ  ڼ  Ѽ    ſ ֱ ,1
2699,Ĵ, ̳       ָ    ѹ ,0
2701,Ĵ,Ư  10  並 Ͻô  ,0
2702,Ĵ,    ĵ,1
2703,Ĵ, ٲ  ö  ̷ ƴ,0
2704,Ĵ,īδ ˸ŭ   ڷ ٲ,0
2705,Ĵ,ܹ ġ ٲ,0
2707,Ĵ, Թ    ҽؼ,0
2709,Ĵ, ȥ䰭ߴ  12ÿ ؼ 30а Դµ  ִ ̺  մ ȿ ĵ п    õõ ԰ е鲲 õ帲,1
2711,Ĵ,ġ  ű   ٺ ٷ   ,1
2713,Ĵ,  1 ٵ  ġ ִ  ƽô  ֽϱ ġ ãƼ ġ  ,1
2715,Ĵ, 2   ġŲ ޴ 8500ִ  Ծ ı ˷ּ  ƺ̴,0
2717,ȸ, ȸ ,1
2718,ȸ,  ִ,0
2720, 0411,ٽ Ȱ,0
2724, Ÿξ,   ĮƮ  ǹ 2̴,0
2726, Ÿξ, ֹϰϱ   Ұ⹫ ּ̰ ĮĮϴ ,1
2728, Ÿξ,Դٺϱ 񽺷 ʹ ΰ 丶  ּ ϴ  ʹ ߴ   ͻ ־,0
2731,ٵġ Ŀ,Ƹ޸ī  900  1500,0
2732,ٵġ Ŀ,ǳ    ø  ָӴ û Ͻð ģϽ ׸ Ŀǵ Ѱǵ   ,1
2734,ٵġ Ŀ,Ͽ ׹ Դٰ  ָӴϿ ֱ淡 ŷ ÷ ̱ ó ־ ̵  öٺ   ٷ  ̱ ,1
2738,ġũ,Ư 2900,1
2739,ġũ,ġ2900,0
2740,ġũ,̶ ôµ ̰ δϱ ,0
2741,ġũ, Ŷ ְ 䵵 Ķ ÷༭  ,1
2744,ġũ, 8900,1
2745,ġũ,¥ ù Ժ öƽ  ,1
2746,ġũ,׷ ϱ ܸ ߺ ϰ   þôµ  ĺ  ٰ  ¥   ô    ,1
2747,ġũ,,1
2748,ġũ,,1
2749,ġũ,Ź̾,1
2750,ġũ, ó Ծ ̾,0
2751,ġũ,,1
2752,ġũ,¥  ȳ ε ڴ  Դٰ ģ ٳ,1
2754,,  ܹ ߾,1
2755,,  ִص ⺻   Ĵε,0
2756,,ܹ ؼ ڰٴ°,1
2757,,ٸ ᵵ ̷ Ѵٴ°Ű,0
2758,,  ֵ,1
2761,ѳ,  6 ̶ Ʈ   ,0
2762,ѳ,  ʶ ޴   ϳ ֽ  ع̶ ߵ,0
2763,ѳ, Ź ٲµ ǰ ,1
2764,ѳ,ع 嵵  ༭   ܸ,0
2765,ѳ,ٵ  ſ ع  ĮĮϰ ߵ    ſ װ  ʹ ְ  ,1
2766,ѳ,Ѵ 8000ΰ  ޴ ߰  Ա  ־,0
2768,,    Ÿ  õ µ ġ ڴ  ,1
2769,, 5õ 5 ȣ ġ  ̶   ,0
2770,οǰ ȫԱ,οǰ ȫԱ ޽״ 踸 Ծ Ǵ  ,0
2772,ʹݴ,ʹݴ  Դϴ ,1
2773,ʹݴ,վ  âִ õ¥ ִµ װ͵ ֱ,1
2774,ʹݴ,  ִٴ°   񽺵 ֽð ȥϱ ٴ°,1
2775,,99   λ ġ,0
2776,,縮 ٤ǽ ٤Ф ü ᰡ  ʴ  µ ¥ 5ۿ Ȱɷȴ,0
2777,, Ư ˽  ƿ ȳ淡  ;µ ̺  غǾִ   ȴٱٵ   ֽ  ñؼ  Ծ ˾Ҵ ˽    ־ Ҵ ׷ ʱⰡ  ȸſε ʴ׻ տ 2ܰ Դµ װͺ ſ,1
2778,, ¥ ̳־ֽŴ  ׾ ´ ޶ ϸ ֽô 𸣰ڴ٤Ф  Ⱦ,0
2779,,ư ٸ   ־ ٸ  ù Ծ  Ȳ ֱ   ׷ տ,0
2783, ,   Ƿ  ģ ,0
2785, , ĽŸ  ʹĹݴ,1
2787, ,    ,1
2789, , ĽŸ  ؼ  ߾Ȱµ  ־   ģδ ̴ٶ,1
2791, ,ƿ ȾҴµ Ÿ  ƽ ׷  õ,0
2793,ĭټҹ,ĭټҹ  ҹ 9500,1
2795,¥ĽŸ,ΰ  ƴ ¥ ĽŸ,0
2796,¥ĽŸ,ѵ  Ƽ ø,1
2798,¥ĽŸ,   2ȣ    ̿뿡 Ͻñ ,0
2802,âκ,âκ ȫ ,0
2804,âκ,λ ǰ ˹ٻ ȫ  ȴٰ ߴµ Ϸϱ ȫ  ȵȴٰ  Ҹġô󱸿,0
2806,âκ,  ָӴ ģϼż  ¥µ п   ׿,0
2808,âκ,пе ó  ߰ ں ,0
2811, ѳ,Ǭ ع 8000,1
2813, ѳ, ̳ұ ڸ   Կ ־,1
2814, ѳ, ܼ ôµ ع ߲ϱ Ҿ     丷 ¡   ־,1
2815, ѳ,ع  ֽôµ    ع  Ѱ   ,0
2816, ѳ,߰  ޴ƿ ̶ Ա ־ ΰ  Ľô  ,0
2818, ѳ, б⿡ ߵǴϱ      ̵ ּ ,1
2820,̳Ĵ,̳Ĵ վ ,1
2822,ູܹ,   ູ ܹ,1
2823,ູܹ,± ϰ 4900 5900,1
2824,ູܹ,κ,0
2826,ູܹ,ä  ٹ,1
2828,ູܹ,ȥ伮 ,0
2830,ູܹ,  ϰ,0
2831,ູܹ,κ Ϲ       ,1
2833,ູܹ, Ը  ׳  ׷ ,0
2835,ູܹ, ϸ ,0
2836,ູܹ,   ƴ,0
2840,ġũ,ī׸   ߱ʿ  峪,0
2841,ġũ,ȸԾ  3000̶ ŵصд,1
2842,ġũ,Ծ ı,0
2845,븸߽ ,븸 ũ,1
2846,븸߽ ,ߴٸ,0
2847,븸߽ ,7000,1
2849,븸߽ , ñؼ ֹߴµ,0
2851,븸߽ ,ϴ  ſſ ,0
2852,븸߽ , ü ѵ,1
2853,븸߽ ,ݾ ī  ͼ Ȳ,0
2855,븸߽ ,  5000  Ұ ,0
2856,븸߽ ,ʹ ΰ   ,1
2858,븸߽ ,ٽ Ű  ,0
2861,ȣ,Ұ⺺,0
2862,ȣ,7õ,1
2863,ȣ,ݸԴ,1
2864,ȣ,ε մ פ,1
2865,ȣ, ,1
2869,ġ, ڴ  ֶ,0
2872,߰,   ̼   ı    ִٰ ϳ ׷ Ȯ   ϴ,1
2873,߰, ɿ       ־ ģ ׷ ߰  ؼ ,1
2875,߰, ϸ 縦 ϳ,0
2877,߰,   ԰ ݱ    񱸸  ȴٰ  ѱ ؼ    7500̾ ,1
2879,߰,   ̼Ҷε,0
2880,߰,   ٰ ̼ ǮԴ Ŷ ߱ߴ  ,0
2881,߰,ƴ ׸  Ѻ  ִ°͵ ƴϸ鼭 ģ    ְ         ϰ ֳ,0
2882,߰, ִ° ܹ,0
2884,߰,   ص ǳ     ð    ,0
2886,߰,  οƮ  õ ȫ뿡 ʹ   Ծ    Ծ  ʴ ϴ ΰ Ծ ż踦  ̾,1
2888,߰,   Ծְھ  Ʊ װڴµ  ,0
2892,ī ,ī̶  ο쳪   ϰ  ȵ  ε ,0
2900,ȸ, ߿    ƿԴ,1
2901,ȸ,  Ա Ͼ  ߿ ܿﳯ    ߲ϰ ⸧ 걹 ۼ۽丰  밡 ϰ ű⿡  â ְ  â       ¬ɸϰ ⸧   鼭 Ϸ Ƿο Ʈ 󰡹 ߶ϰ  ,1
2903,ȸ,ġ ȫԱ ó ְ 뱹   8õ̰     Ʈ 13000̾ ü̶ ̳ ٸ   ְ    ȥ伮 ־ ȥϱ ſ  ٸ ġ ߰  ʹʹ Ƽ ɽð ٱ ܼ Ա   ø  ̿ Ű ȫ뿡 ִ°Ŷ ̶  Ȱ,0
2905,ȸ,λ꿡 Դ  ̶ 񱳵 ȵ   ȫ뿡 ׳  ̶  ,0
2907,ȸ,Ա ߶   оְ  츮 ģ ߶ϰ   1 1 ,1
2912, , ̰ ˻غ ˰ Ⱑ  信 β  û  ־ ,1
2913, ,ٵ  Դ°Ű ʹ   Ѱ λ  ,1
2914, ,׷  ¥ ߻  Կ  絵  ,1
2919, Ÿξ,ī̼ 14000,1
2921, Ÿξ,ص  ȣȣ̿  ,0
2922, Ÿξ,12 ư 뵷  ư Ⱓ ư ġ η ; ,0
2924, Ÿξ,  ΰԴ ܵ ¥ ʹ ҷ ȸ  ԰   Ѽ ȸ  ؼ Ծ ȸ  ȸ  ŭ  ȸ ̸  𸣴µ ׷ ̷ پ  ȸ ̷ Ҹ   ִٴ    ̶  ϸ   ̶  ,1
2926, Ÿξ,   Ŷ  Ķ  ġ ȫҽ  ſ ɪy ѷ  ̷ ؼ ع  ȸ ԰ʹ ϸ ˳    õõ,0
2928, Ÿξ,׸ ٵ    ãƿԴ  ɽð մ  Դµ ġ ߴ     س Ű ȸϼ̴    մ ,1
2933,, ¥ 7000,1
2941,Ʋ꽺, Ʋ꽺  ,1
2943,븸ī׶,   븸 ī׶,0
2944,븸ī׶, 븸 ī׶ ó̶ ڸ Ը ٽð ־µ   缭 Ծ,1
2945,븸ī׶, ũ ؼ ũ ī׶   8000,1
2946,븸ī׶,    ,0
2947,븸ī׶,  ˴ 븸 ī׶  ƴϰ ׳ α ӤФ   ǵø 븸 ī׶ Ŀ  ִ´ٰ ؼ Ŀ  ̷   ƴϰФ ,0
2948,븸ī׶,ϴ  ڸ ũ ʹ Ƽ  ־ ⼭ 1 Ȳ,0
2949,븸ī׶,߶ ô ũ ġ ó Ҿ ׳  ũ ̾߱ٵ   ũ ʹ  ӤФп    ̷  µФФФФлũ Դ 2 Ȳ,0
2950,븸ī׶,   ˴  ƴϰ ϰ ؼ 3 ȲФФФФФ,1
2952,븸ī׶,ǵ  븸 ī׶ ,0
2953,븸ī׶,븸 ī׶ ƿԴٰ ¥ ʹ ߴµ ̰ Ф,1
2957,ʹ,ʹ ־ ٸԾ ٶ ޴ǹۿ ,0
2958,ʹ,  ÿͼҿʹ,1
2959,ʹ,  ִ ͵ ʹ,1
2960,ʹ, ģϽ,1
2963,õ ,ȫ 8 ŷŸ  λ   þ,1
2964,õ ,  󸶾ȵ  6 ϱ ,1
2966,õ ,ȫ ֺ   ؼ ,0
2967,õ ,        ,0
2969,õ , л  10 ,0
2970,õ ,ĥõΰ õ  Ҿ ؼ ߰,0
2971,õ , ־ ϸ ص ̰ Դ,0
2973,õ , ,1
2974,õ ,ôٽŭ   Ը  ¾ ,1
2975,õ ,  ̶  ȳ Ծ  ,0
2976,õ ,ٵ   ؼ Ҿ,1
2977,õ ,  ϰ ϴϱ     Ծ,1
2980, ҹ,Ȱ ο ԰ ɷ,1
2981, ҹ,б ִ,0
2983, ҹ,Ʃ   öͼ ñؼ ,1
2984, ҹ, ɷ ִ ܹ,0
2986, ҹ,ֹ  ٷ ֹ濡 ؼ ɷ ֽôµ űԤ,0
2987, ҹ,ϴ  ε巴 ҽ  ܾ,1
2989, ҹ,ɷ 150¥ 12000,0
2990, ҹ,200¥ 14000,0
2992, ҹ, Ƣ 4000ε    ȴ ׳ ׷ 絵 ״,0
2995, ζ,ָ  µ λ  ãƼ ٰ     Ŵ  ߱ ,1
2996, ζ,ä   չٿ Ŵ 6000,0
2997, ζ,ٸ     ɸ ¥ ۼ ԰  ´,0
2998, ζ,ϴ ä  ģ ̴  찡 ϰ µ ȿ ä ִµ ä  ϰ  ó ٴ  µ  ä ϰ µ  ־ ̤      ִ ä    ׳ ̰  Ű ǵ ߵߵϰ      δ   Դ  ƴϾ   ־   Ծµ ƽ  ԰ ;,1
2999, ζ,׸ չٿ   Ⱦؼ   ⸸ ԰ŵ    Ұ⵵  Դ  ϴ Ÿ   ÷ Űܼ  Ǹ   ¥  ŵ ÿ   õ ζ   Ծָ  ⸸  ϴµ ̰ ׳   ⸧ ۿͼ  Ծ ־,0
3000, ζ,  ʹ ־µ ä    ,1
3001, ζ,         ȿ   ,1
3003,ȭ,ȭ Ƽ  ,0
3004,ȭ, ĸ īͿ ָ  1  ش,0
3008, ̻ڴ,  11000,1
3010, ̻ڴ, ִ,1
3011, ̻ڴ,  ̻翩 ʿ ,0
3012, ̻ڴ,  ù̴ ϸ ְ Ա ̱⵵   񸰸 0̰,1
3013, ̻ڴ,  ¥ ߵǼ ,1
3015, ̻ڴ, ̶  ,0
3016, ̻ڴ,  ֽô  ֽ ,1
3018, ̻ڴ,ư ޽þ ټ  Ⱑ Ծ,1
3020,Ʋ꽺,õ  Ʋֽ Ű 2500,1
3021,Ʋ꽺, Ⱓ Ⱓ̶ 絥 Ÿ ,0
3023,Ҵī,̰ 󸶳ĸ  12000 Ҵī ġ,0
3025,Ҵī, ҽ  ҽ ¥ ¥⸸ ϰ Ծ ߿  ,0
3026,Ҵī,屹   ְ԰ ƴ϶ гڰ «,0
3027,Ҵī, ¥ Կ ſ   Ƴµ   ְ ٽ   ,0
3028,Ҵī,ü ݴ  ִµ  ,0
3030,Ҵī,ٵ  ߿   ִ  ҽ,1
3047,ٸ,ͻġ 43,1
3048,ٸ,Ҽ 45,1
3049,ٸ, 30,0
3051,ٸ,  ԰ ;  ġ  ,0
3052,ٸ,Ҽ ִ    Ǯ ֽôϱ ϼ,1
3054,ȫ,ȫ  ν ߳ ,1
3055,ȫ,¤  Դ° ؼ ǳ ذ Ծµ  Ƽ Ͽ ѹ ̻  Ծ ,1
3056,ȫ,  ర ̱ ͵  絵   Ƽ Ű ̱ ߴµ ,0
3057,ȫ,  ϱ Ȯ      ߳     ,0
3058,ȫ, ׳  ο  ٸ    ,1
3060,ż,ٹ ʿ ִ ż   50 մϴ  ּФФ    Ⱦµ  ־  ϸ ȵǼ  ÷ ,1
3061,ż,ҿ  ȫ 10 ݴϴ Ե ģϽð ֹ浵  ̴µ ؿ  մ   񽺷 ɻƢ赵 ֽ,1
3062,, ߲ 7000,1
3063,,߰   Ŀ İ   ϰ ε巯 ׸   ÿؼ   ÷Ծ ϰ ־,1
3064,, ٸ ޴ó ߲    ̰    ¬©     İ  ϱ   θ    ¥,1
3065,,  ؼ   Դ   ߲ ູ   8 µ ԰    ۿ  ϰ  Ա  Ĵ̾    ð,1
3070,Ĵ,ÿ ִ° ҹ 7000,0
3071,Ĵ, ¥ ,0
3073,Ĵ,ġ 6000,0
3074,Ĵ,⸧ ʹ Ƽ  ۿ ȳ,0
3076,Ĵ, ̷ õ  Ф,0
3077,ù,ù Ｑ  Žñ   ¥,1
3078,ù, 30,0
3080,ù, ü ,1
3081,ù,      ,1
3083,ù,    ,0
3084,ù,  з,0
3085,ù, 鵵   ,0
3087,ù, 30 ٸ鼭   °,1
3088,ù, غ,0
3089,ù, ΰ ,0
3090,ù,ù ߺ¥,1
3092,ù,¥ ϱ ѵ ־ϴ,1
3094,ȫ,ȫǸı,0
3095,ȫ,  1029  信 ̶ ǽú ִؼ ߴµ Ѵپ ٵ ְܵ   κε ߴ  ־ ְ ¥ θ ,1
3096,ȫ,ٵ  ݰ  ԰Դµ   ܵ  ̹ ΰۿ  κδ ¥ ѹ ģ ϱ  ,0
3097,ȫ, ̷Ĥ    ȰŰ,1
3100, Ӹ Ŀ,īԽǿ Һ Ž 1ް 1 1  ؼ ٳԽϴ    Һ   ũƼ  Ҿ ,1
3101, Ӹ Ŀ, ǳŸ  Ǫε ̰͵ ־,1
3102, Ӹ Ŀ,Һ 25000 ȫ л ϸ 22000Դϴ,0
3104,޽þ,޽þ â  õ,0
3105,޽þ,ñؼ ôµ ׳ɱ׷  ȸȴ   δ㽺٤Ф,0
3106,޽þ, ַ 信    ͻ ÷  ձֵ â  ܼ ñ Դٺ ؼ   ,1
3107,޽þ,â̶ ޴ ñ Դ õϰ װԾƴ϶  ñ,1
3111,ٸ, 35,0
3112,ٸ, 4500,0
3113,ٸ,ͻġ ݹݱ 4500,1
3114,ٸ, 4500,0
3116,ٸ,   ͼ  ϴ ,0
3117,ٸ,ϴ    ʽϴ   Դ°  ٱ ߴµ ׷ 䰡 Ʈ 4ô Դµ ٿ ̸԰ θٴ ɻϳ׿޶  Ծ,0
3119,ٸ,̶    ,0
3120,ٸ,ġ ִٴ   µ ͻ ġ  ϴ ñ ܼ Ѻþ,0
3121,ٸ,̰ Ծ   ϳ ڽϴ,1
3122,ٸ,丸  ġ信 ͻ ° ƴ϶     ͻҽ Ѹ ̶  ޶   ,1
3124,ٸ, 䵵 Ծôµ   ҽ ǰ̶ ׷ ŭ   󱸿   ΰ  Űƿ,0
3126,ٸ, ̸ʱɴ  Դϴ,1
3128,ٸ, ٴ    Ź ôµ ޶ ʾҾ Ϲ Ĵ Ź,0
3130,ٸ,湮ǻ ִµ  ٸ ޴ Ծ󱸿 ,1
3132,ȫ,ȫ  Ұ⸶߱,0
3134,ȫ,   ׷ ߱ ߰ õε 4 ,1
3135,ȫ,ٵ  ԰ µ    ɸ ߴ̶ܹ ܸӸ ƴ ̻ Ӹ ƴѰŰȤ 𸣴 ̰ Ե    𸣰ڰؼ    ְ Ծµ  ݤФ,1
3136,ī, ʿ ִ ī  θ  ,0
3138,ī,14000,1
3139,ī,â,1
3141,Ե,Ե ̽ ı  ,1
3143,Ե,̰Ÿ  ָ âõ Ѥ,1
3145,Ե,ϴ ũ ҰŶ Ȱ,0
3147,Ե, ũ ٸŵ ٸž ׳  ̶° ξ   ̸ ,0
3148,Ե, ̽Ÿ ߴ ģ  ѹ Ծ,1
3150,Ե,ڴ Ե 30 Ǳ⶧ ְε   ٲ,0
3152,Ե,ƴ,1
3153,Ե,1  3600,0
3154,Ե,Եƿ  ϴٰ ,0
3156,Ե,2 Ұ  3800,0
3157,Ե,ڴ Ÿ Ⱦ  Ʈ ϴ ־,0
3159,Ե,3 ũǹ 4800,1
3160,Ե,ġƮ 5800,1
3161,Ե,̰͵ ,0
3163,Ե,4 2 5300,1
3164,Ե,ġƮ 6500,1
3165,Ե,̰  ,1
3166,Ե, ְ ԰ʹ 丶 ߰ظԾ ,0
3168,Ե,5 Ŭġ 4200,1
3169,Ե,ʺ ġ 쿩 ֵ ǰ ٲ ׷  ׳ ̽ġó ,0
3171,Ե,19 02 08ϱݺη ġ   ޴  Ǿϴ,0
3172,Ե,  ޴ Ƽ ŷ ġ     ,1
3173,Ե,  ޴ Ƽ ŷ ġ     ,0
3175,Ե, ڴ  ̰ ȻԴ,0
3177,Ե,6 ͱԿ2  5600,1
3178,Ե,ڰ Դ°߿  Ѹ޴,0
3179,Ե,Ŷ ѵ   ,0
3180,Ե,  ԰ ̰õ,0
3182,Ե,7 ũ 2100,0
3183,Ե,Եƴ ̽ũ ̵޴  ,1
3184,Ե,ũ Ĵ ְ Ĵ ־,1
3185,Ե,ũũ Ծ ְ Ƣ迡 Դ° ϸ,0
3187,Ե,8 ѸŬ,0
3188,Ե,̹ Ե ѸŬ ˻ϸ ڼ,0
3189,Ե,ġŲʰ 5 1000  䰨   200,0
3190,Ե, ġŲʰ 1  1,0
3192,Ե, ġŲʰ 2  Ͼ1  ġ1,0
3194,Ե, ⿡ ־εǰ ٲ㵵Ǳ ,1
3196,Ե, ġŲ̶ ȣȯ ȱϴµ ݵ ȣȯ̶󤻤,0
3198,Ե,9  Ÿ ź   1ȸ ʰϰ īͿ ֹҶ ߸ϸ Ÿ θְ,0
3200,Ե, ñѰ ,0
3202,տ,տ  Ѥ,0
3204,տ,տ  ǳ ٰ ܼ ɸ Ŀ бտ ٸ   ڴ  ް Ȱŵ,0
3205,տ,   Դµ ù  ڸ  Ӹī °ž Ե ȸ,0
3207,տ, ҷ Ӹī Դٰ ϴϱ  ϰ ٲ帮ڴٸ鼭  ߰ŵ ٵ   ߱ ܸ  ̰ մԵ Ӹī ƴϳİ ׷°ž ư  󹹶 ϴµ ᱹ ٲشٰ ϰ   ٽ   ̾ϴ   ,0
3209,տ,׸ ģ Ḧ ٽ µ 츮 ￡ ؼ ٺϱ  Ҵź   ž 츮 Ѱ ġ ΰ 13500  ŵ ٵ ٽ    纸ϱ 14000 ġ Ծ ,0
3210,տ, ص帮ڴٰ ϴµ Ʊ  ܸ ٽÿͼ,0
3211,տ,ʹ  Ҵ ġ  ϸ 16000 ġ,1
3212,տ,̷鼭   ִ°ž,0
3214,տ,ٵ 츮 ٽ ; ͵ ƴϰ   ؼ Ӹī ͼ  ġ ٽ  ð  غ 츰,0
3215,տ,¥  ڰ ϴ  ٽ ȿ ¥  õ̳ ,0
3217,տ,3ٿ,0
3219,տ, Ӹī ,0
3220,տ,  鼭 ٽ   ׷,1
3221,տ,  Դٰ տ  ,0
3223,տ, 츮 ߸,1
3225,Ÿ,Ÿ ҹ 9õ,1
3226,Ÿ,ĭټҹٺ մٰؼ ãư ,1
3227,Ÿ, 500ϰ ,0
3228,Ÿ, ڸ ϰ Ѹ ĭټҹٿ ϰ ſ ̵ ̾ ̶  ¦  ѷ  ٸ԰ ,1
3229,Ÿ, 񺭸 Ͽư ־ ,1
3230,Ÿ, ڸ ϰ ð ұĢϴٴ° ̤ νŸ Ȯϰ ° ,1
3232,ɾ,ȫ  ɾ,1
3233,ɾ,׳   粿ġ ó Դ ģ Դ,1
3234,ɾ, 粿ġ    ȸԴµ ߳ ġ ־ û Ծ,1
3235,ɾ,鵵  Ű ε װ͵ ,0
3236,ɾ,׳  ̾ 粿ġ   õ,1
3237,ɾ,  ȳµ  õ ,1
3238,ɾ,ָ԰ ϴ δ  ߹ݴ ,1
3241, ó ֹ,ῡ ġ ʹ ܼ    ٰ 쿬  ,1
3242, ó ֹ,ϴ ġ  ־,1
3243, ó ֹ,ó Ű丮 810ǽ 23900,1
3244, ó ֹ,ġ       Ŷ ־,0
3245, ó ֹ, ɰ ,1
3246, ó ֹ, ƴ϶       ߻ ̰ ִµ ¥ ʹ־ ̰   ,1
3247, ó ֹ, ġ  Դ Ÿ̶ ִ    Ųǵ ̰  ٽ   ,0
3248, ó ֹ,  ,0
3251, 34th?  , ĥ  ż ϵ ãư ǵ,0
3252, 34th?  ,ǰ ־,1
3253, 35th?  ,  ٰƮ ĽŸ ǵ ȿ ĽŸ,0
3254, 36th?  ,ϴ  ǻ  ִ 1 ˸ø ȣ ǻ ä ,1
3255, 37th?  ,2 ũ  ǻ,0
3256, 38th?  ,ҽ ϰ    Ƽ ,1
3257, 39th?  ,絵   ۰ µ  ϸ  ȶҸ װź ,1
3258, 40th?  ,ũ Ծôµ ũ ׳ ׷  ε巴   ʾƼ  ,0
3259, 41th?  ,㿡 ̶ Ծ ;,1
3260, 42th?  , ũ  ȵƳ ĽŸ 뿴    ,1
3262,ù,ù  ִٰ ؼ ԰ Դµִ,1
3263,ù,¥ ִµ ¥ ¦ ҹѵ ߰ ؼ  ݵ 7õ ̰ ȥҼ ְ ڸ ,1
3264,ù, Ƶ  ݴϴ ؿ   ´ؼ   ÷ϴ,0
3265,ȸ,ȸ 7000,0
3266,ȸ,ϴ Դ ̶ ̾Ȥгʹ ļ  ڸ   Ʒ   ôµ  ٽ ȰŰ ,1
3267,ȸ,ֹߴµ ƹ ٷ ȳ ڸ ġ ñ淡 ô ֹ ̴   ̶ Ÿ ̴µ  Ҽ   ľ־ ,0
3268,ȸ,  ù  Ծµ   ȳФ ֹ  ̾ؼ ׷    ҴŰ ,0
3269,ȸ,߿ Ҷ  ϱ ȥ ɾ־  ٸ ˾Ҵٰ ˹ٰ  ٰ Ͻô ˹ٺ  ι ǹ ̴µ ,1
3270,ȸ,ư   ̶ ں  ִµ  ̵ ο ׳  ߿ ߲    ߴµ Ѱ ۿ פ,0
3273,Ҵī,Ÿ ı  Ƚī ִٴ  Ƽ ľȽī Կ ߰ ī ֹؼ Ծµ  Ƚī ո þ ɸŭ ʹ ε巯 ź ϸ鼭 Ծ,1
3275,Ҵī, Ƚɺٴ ź־  ɺ Ƚ   ִ,1
3277,Ҵī,ø   ׸  ø̰ ܿ￡ Ǹε  Ը  屹  ̰ſ ƽ ׷ 䵵 ޶ ϸ  ֽð   ü  ְ ߾ 湮 ǻ簡 ִ ŭ  ̾  Ȱ п ѹ  ھ,1
3281,ʹ,   ð  · ,0
3282,ʹ,ƹ ̳    ϰ ٰ,0
3283,ʹ, Դ  ʹ     ߽ϴ,0
3285,ʹ,⺻  ģϽð ,1
3286,ʹ,   ϴ,1
3287,ʹ,ȫ ֺ  ,1
3288,ʹ,ʹ  ߿   ְ Ծ,1
3289,ʹ,񽺷    ʹ䵵 ־,1
3290,ʹ, ,1
3292,ʹ,ٸ ȥڼ   ,1
3293,ʹ,    ,1
3294,ʹ,쵿 ʹ Ƽ  ,1
3295,ʹ,ó  ־µ     ޾Ҵ ,1
3296,ʹ, ƽϴ ,0
3298,ʹ,⺻ ʹ  1 մϴ,0
3302,м,Ϳڰ׾ Ḧ ϴ   ĿԴϴ,1
3304,м,ī°ڸŽǽ   ȴ,0
3305,м,ĿǸ  ȿ´̿Դϴ,1
3307,м,絵ڴپϰְ,1
3308,м,Ŀǵִ°Ͱڵְֽϴ,1
3310,м,ٸ½ð Ÿ ī亸 ݰɸ Ͻð,0
3311,м,ġ°츦 Ĵ¸  ֽϴ,1
3312,м, ֿҰͰϴ,0
3313,м,ī̺  ̷ϴ,1
3314,м,ġó̰ü ϳ׿,0
3316,м,     ,1
3320,, ߰ Ѹ,0
3321,, δ 14500̰ ߰  ε ұ   3 ġŲ 2  ϴ  ̶ ־   ְ δ 5õ  Ѹ̶ ִ ν ſ   ,1
3322,,⵵ ⳻  ϳ ȳ ſ ־ ġŲ̶ ߽  ־  ̱  Ȱǵ鿩  𸣰,1
3323,,޴ ̶  ұݱ̰  ־   ϸ 19500  ׵鳢 ģ鳢    ذϱ ſ ε,1
3325,,Դ ߰ ϴ ˼մϴ ѹļ  ФФ  ó ̰ Ұâ̿  8500̾ ޾  ν־ ,0
3326,,信 â û ұ  ʹµ 迡 ϰ ԰ ӽϴ ̶ ߿ ޴µ â Ա; ̰ŸԾ   ȿø޴µ   ʹ ؼ ڶϰ; ÷ Դ  Fϴ,0
3328,Ĵ,   Ĵ,1
3329,Ĵ,ġ 6000,1
3330,Ĵ, 7000,0
3331,Ĵ, Ķ ֽð ̴ ϱ 𸣰ڴ ƹư ̵ ־      湮 ǻ ,1
3333,,    ,1
3335,,ü̱     ø,1
3337,,,0
3338,, Ծµ  4ó̾  1Ϳ  ޴  翡  ҸѰ ãٰ ݿũ  淡 ô  ڴ ,0
3340,,ģ,1
3341,, ʹ ģϽôó    ʹ ϰ ־µ  ޴ õֽŴ ׸ ޴ ΰ ߿ ϴ ϳ ϴϱ  ̰      ź ̷ ģ ֽô ,0
3343,,,0
3344,, ްġ ׳ 츮 ƴ  󶼸̴,1
3346,,,1
3347,, ڱ淡 ȫԿ ø 翡   ʹ γ  ﵵ 4õε ̾ ٵ  ɸ԰   õ ,0
3349,,ġ,0
3350,,ġ  ÷ ȫӻ̶ ٵ  ,1
3352,,,0
3353,, ۻ,1
3355,ȫ ,ȫ  ︲ ұ ,1
3357,ȫ ,Ÿ    Դµ ʹ ־,1
3358,ȫ ,ݶ ؼ  25400 ̿   Ծµ  ܼ ߾ ,1
3360,ȫ , ¥ ó Ẹµ մ 1ð 30  ۿ  ФФФ  ʾ ϴ   ϴ,1
3361,ȫ ,,1
3362,ȫ ,ȫ 7   2   õŰ,1
3364,ȫ ,  濡 ڱ  ԰ ; ȫ ֺ  ˾ƺôµ   ֱ淡 ѹ  ,0
3365,ȫ , ־ִ  ε ȫ       ڴ ʹ 귣ſȣ,0
3367,ȫ ,Ű6500  ,0
3368,ȫ ,Ʈ Ƽ Ʈ9500 Ŵ,1
3369,ȫ ,  3ְ Ϸ    ־,0
3371,ȫ ,Į Ƽ ɫ   Ǳ ,0
3372,ȫ , ΰ Ʈ ׸ ٸ Ư߱ ,1
3373,ȫ , ٸٺϱ ǹ ֹ  ,1
3375,ȫ ,  ִܶµ  ¥ ε巴 ؼ,1
3376,ȫ ,ó Ծ İ̾ ȣ ̷鼭 ,1
3377,ȫ ,Ƣ ׳ɱ׷µ  İ Ưϰ ־ 湮 ǻ,1
3379,̼ո, ̼ոο  Ծµ     ͼ    µ ̰ ܹ ƴѰ  ƹ  Դ ܹ ,1
3380,̼ո,   ԰ μ ǪǪ ʾҾ,1
3383,ν ,귣ܹ ó ȫ̶ ,1
3384,ν ,  ȭ ְ   Ͼ,1
3385,ν ,ϴ ޴   ֹϴµ ð  ɷ ڸ ݹݹ ּż ڴ ݹ ,1
3386,ν ,̼ 2 װ ԸŸ ȷ119 Ľ˷159 Ŵ,0
3387,ν ,  ڴ 6900̾,0
3388,ν ,¸ ڶ  û  ʾҰ Ľ˷ڿ ִ ä޴ϱ ̶ Ǿ ణ ¥ ݶ  ¸̾,1
3389,ν , ׸ ԸŸ ȷ ڴ ġ ̾,1
3392, ĥ,ǳ  ĽŸ ȴٸ   ,1
3393, ĥ, Ծ ޷ĽŸ    ޷ ĽŸ  ФФФФ ,0
3394, ĥ, ̹⵵ ʿ δ̴   ũ Ծµ  ̶  ȰҾ ϰ  ,0
3395, ĥ,  ణ §̶ ޷ ĽŸ ϱ Ҿ  ,1
3396, ĥ,ƯѰ ܿ    ,0
3397, ĥ,⵵    ,1
3398, ĥ, Ʈ ڽ ãø   ,0
3399,ʹ,ʹ佺̺ Ÿ  ι° 湮 ı,1
3401,ʹ, ҿ ʹ  Դ»̶  淡 ,1
3403,ʹ,ù° 湮 Բ 츮 ùմ̾ٸ鼭 ϴٱ  ʰڴٰ ϼ̴µ ι° ȥϷ ϱ ˾ƺֽð  ʹ 1 ּż ޾Ҵ ģϽ,1
3405,ʹ,ٸ 13000 10ǽִµ  10ǽ  ʹ̶ ʹ쵿 ༭   찡 ־ ٸԾ̸ Ľķ Ȳ ,1
3407,ʹ,  Ը ִµ û ִ ⺸ ϰ ִ  ׷ 񽺶 üθ鿡  Ҿ,1
3409,ʹ,  ö Բ û ڰ ݰֽôµ  δ㽺鼭 شٵ     ٷ  Ÿ̶ ׷ ι 湮    ,1
3411,ƿ,ƿ پ ÷޶ؼ ø,1
3415, ȫ, ɸƶؼ ȫ ɸη ,1
3416, ȫ, ãٰ ˰ԵȰ,1
3417, ȫ,ǰ   ΰ ̾,0
3418, ȫ,ɸ ܿ  Ⱓ  ٸ,0
3419, ȫ,ܿ ź̶ Ÿ  ִٰؼ,0
3420, ȫ, ߴµ  ϰ վ̤,1
3422, ȫ,⸷ɸ ޴ϴ ߵ,0
3423, ȫ, ɸ 涧  ,0
3425,ƿ,ƿ Ǹı,1
3427,ƿ, ƿ µ  ʹ پ,0
3428,ƿ,   ߴµ  ؼ     ƴѵ,0
3429,ƿ,׸ µ Ÿ ġŲ ξ ɸ  ֹѰ ȳ־  ٸ,1
3431,, ʱ  ° ٵ  ߿µ ߲ ѱ׸ ,1
3449,ʹ,ʹ ī,1
3450,ʹ,ʹ ʹ Ծ,0
3451,ʹ,° ƴϾµ ִ°͵ ƴϰ,0
3452,ʹ,ҽ  Ǽҽ,0
3453,ʹ,ѱ⵷ҽ Ʈ Ĵ°,1
3454,ʹ,  9000 ,0
3455,ʹ, ִ  弼 ߿ ó ǵ ,1
3456,ʹ,ſ  ɷ ڸ İ,0
3457,ʹ,  帮 ٽ þ,0
3458,ʹ,ؼ  ,0
3460,ۼ,ۼ  µ ī Ӵϴ̤,1
3461,īҿ,ȫ  īҿ ƺīĿ  ÷ ȼԾ û̾ ̰Թ̷µ ϱ ƿ,1
3462,īҿ, ʱ ̷Ǿƴѵ ٸ̾,0
3463,īҿ,÷ ĿǸ  ƺī ,0
3464,īҿ,Ե ʹ ģϽ,1
3465,īҿ,ѹ Ծõ,1
3469,ߺ,Ÿ  ϴٰ  ±濡 ߰ؼ ٷ Ծþ,1
3471,ߺ,Ʈ Ѽ ߺߴ߶Ƣ躺 ؼ 33000ε  28000 Խϴ,0
3473,ߺ,    ֱ ſ Ѹſ   ֽϴ,1
3475,ߺ,  Ŷ麸 ʴٰ ؼ ״µ  ȸſ 簡  ׷,0
3477,ߺ,   Ƣǵ   ,0
3479,ߺ,¥ 23κ̶ ߴµ   ԰ θ   ִ Ͱƿ,0
3481,ߺ, ʱ ̰  ǰ ô󱸿 ̰    ׷ е  ģϼż   ԰Խϴ,1
3484,  Į,Į 1κ 95 ,0
3485,  Į, 20,0
3487,  Į, Į   ܴ ģ и,1
3488,  Į,ʹ   ,1
3489,  Į,    2 ⺻ 񽺷 ̴ּµ  𸣰ڴ  ׷ǰ ƹư   ִϱ ٵ  ,0
3493, ϻ,ȸ ǰ 9000,1
3494, ϻ, ǰ 11000,0
3496, ϻ,4μ   2μ    ̺ 6   ,0
3497, ϻ,1ÿ µ տ 6׸   ϴµ 30 ٸ ϼż ٸ,0
3499, ϻ,׷ 𸣰  ȥ  ϼż ɸµ,1
3501, ϻ,ٿ ɾƼ ô°  鼭 ٷ ׷ Ƚɽ,0
3503, ϻ, µ Ｎ  ̸   ȸ ߶ ־ּż żغ,0
3505, ϻ,  Ծµ ȸ ߰ ־ Ұ  ־,1
3506, ϻ,쿬̸  ȸ ؼ ᰡ   ־  ȸ ٵ ȸ    ޾Ҵ,0
3508, ϻ,ȸ信 ̶ ȸ   ־ ־,1
3510, ϻ,  İ ǰ Ưؼ ó 信  ÷  ,0
3512, ϻ,湮 ǻ ,1
3514,ȣ, ȣ ̾߳ ε ƹ   ϸ ȵǴϱ ٵ Ծ ض,0
3518,ǽŹ,Ÿ  ٳԾ,1
3519,ǽŹ,¥ 1 ǹ1 ũũ1 ֽ1 Ƣ1 Ѽ  23900 ,0
3521,ǽŹ,µ 2 ־ Դ߿ 1  Ծ4,0
3522,ǽŹ,ٵ ׺е ϱ ϴµ л ⸦ ϴ ׷ غϱ л  ִ  Ƽ  ԰ Բ Ȥ л  ǳİ ôµ ,1
3524,ǽŹ,Ծ ȫ̼ ,1
3525,ǽŹ, ģ л 帱,0
3526,ǽŹ,Ծ ̾ ̸ ϼž ߴµ  ø ּ,1
3527,ǽŹ,  ٰ,0
3528,ǽŹ,Գ Ͻ  Ͻ ۿ ٿµ,1
3529,ǽŹ, Ͻô ó   ؼ  ٴ° ¥  ó Ÿ ı ϱ е  ʾҴµ ٽ   ؼ ̴ּٳפ   ԰ µ  ٺ    ִµ  Ͻôϱ  Ȳ ̾ ٽ   شٰ ϴ ͵  ϴ°ǵ ǰ νɾ  Ͻô ͵ ذ ȵ,0
3531,ǽŹ, ư   ׷ ٸ԰   ϴ,1
3532,ǽŹ,  ʾҾ 絵    θڱ ٵ Ƣ ҽ  ŻƴϿ        ֱ ѵ  ٽ Ȱ  ,0
3533,ǽŹ,׸ ϽǶ 丮ϴ 尩 ׳ ī ô͵  ׷,0
3534,ǽŹ, Ź ٰؼ ,0
3535,ǽŹ, ôµ  Ծ 68 99 Ʈ,0
3536,ǽŹ,Ŵ  ſϱ  Դ  õ Ŵ ִµ     Ⱑ   ư ׷,0
3537,ǽŹ,ݸԾ   Ǵٰ ϳ 15 ׳ ݶ  Ĵ翡  Ĵ   ó ư 񽺷 ؽ ֽ,0
3539,ÿͼ,ÿͼ  ȸ 10000,1
3541,ÿͼ,ֱٿ  ־  µ,1
3543,ÿͼ,ҽϴ,1
3545,ÿͼ,  Ǹ ۷ Կ,0
3547,ܽδ, ִ ܽ δ,0
3549,ܽδ,ֵ̹ δ 10 ؼ 7200 ԰Ծ,0
3551,ǽŹ,ƴ ϰ ͼ  Ź,0
3552,ǽŹ, ģ ٰ 1ð   ϰ ѹ ٽ   µ   Ѹ  Ȳߴ,0
3554,ǽŹ,   νϽð ޴  ̰ ֺ  ޴ ߰ϽŴٰ ϼ̴ ó ʺ ð  ɸ̴ٰ ϴµ    30и ٸ ɸŭ õǼ̴ٰ ϼ̴,1
3556,ǽŹ,ȫ 𸣰 ־µ  ð ̹  ߴµ ϰ   ٽ ̴ּ٤̤̤ Ⱓ  ΰ ̰⵵ ϰ  ڴ ,0
3558,ǽŹ,ġƽ 񽺷 ֽð  ϳϳ  ģϼ̴  ۰ ġ ⺻ 58 Ͽ̾ 88̸ ݵ  ,1
3560,ǽŹ, ϱ ϱⰰ ѵ ǳ ⸸ϰ  ó ׷   ־  ϰ Ƽ  մϴ,1
3563,ȫ ڳʽũ,޴   ܹ,0
3564,ȫ ڳʽũ,  9500,1
3566,ȫ ڳʽũ,    δ ʹ    2 ԰     Դٰ 䵵 Ը԰ ⸸ ԰ ,0
3567,ȫ ڳʽũ,̳ʹ־,0
3568,ȫ ڳʽũ,̶ ҽ ẰѰ и  ︮ ,0
3569,ȫ ڳʽũ, ¥ ĽŸ ,0
3572, Ʈ ް,˰  ε ϶ ŭ ֱ⶧ ø 710  ° Ⱑ÷ε,0
3574, Ʈ ް,ĽŸ 1500020000 ,0
3575, Ʈ ް,Ѿ¼¼   ػ깰ĽŸ ִ̹ȸ,0
3576, Ʈ ް,Ѻ ,0
3577, Ʈ ް,ָ 극ũŸ,0
3578, Ʈ ް,Ѵʰ § ϴ ĵ̶ ,1
3579, Ʈ ް,ѿ  俷̿µ  Ŀ´Ƽ ִ  Ʈ Է  ﰣ,1
3580, Ʈ ް,ѹ پ˾Ҵµ ¥־   ,1
3581, Ʈ ް,ũİƼ ζǻ 극 ε,0
3582, Ʈ ް,ѻ ϰ־  Ƽ ſ,0
3584, Ʈ ް,Ѻ7010,0
3588, 쵿,޴  Ű 쵿,0
3589, 쵿, 8000,0
3591, 쵿,鼺   Ÿ  ,0
3592, 쵿,  쵿 ˷ٰž,0
3593, 쵿, ϰ     ,1
3596, ۸ũ,ϴ ǰ԰ ڱ  ٶ,1
3597, ۸ũ, Ű ˻ϴ ߰ Դϴ,1
3599, ۸ũ,Ŀǳ ٸ    ַ ޴ ø  ̽ũ ũ   ó  ֽϴ  ԰   ̽ũ ó ũ ֹغҾ,1
3601, ۸ũ,α ı ߿  ̽ũ ø Ÿ԰  ̶ Ⱑ ־µ   ǥ̾   Ծ        ־ϴ,1
3603, ۸ũ,      ٷ ó ũ ε   ԰  ޴ ó  Ϻ ϰ 췯 Դϴ   Ⱦϴ е    ְ ó ϴ ̶ Ƹ   Ͻ  ſ  ó ׸ ϴ  ƴϰ 谡 ҷ    ̾   Ȧ ϴ٤,1
3605, ۸ũ,  ؼ Ź ø ϴٰ  ԰  ߵǾ ϴ   ÷    ־ ټ   ó   ڽ  ͵ õ  ٸ ۵ ڽϴ,1
3609,Ƭ, ĬϹ Ƭ ʽÿ,0
3610,Ƭ, ȵȴ ѹ,0
3611,Ƭ,  ˰  ø ߰,0
3612,Ƭ,ѵ Ǵµ 16000ڿ 2ð,0
3613,Ƭ,ȫ öٵ ôµ Ⱑ ξ ,0
3614,Ƭ,б  ϴ λȯ곯 νð Ÿ   ִ ,0
3615,Ƭ, ģ鵵  ,0
3616,Ƭ, Ƭ ,0
3619,ȫ ̵, ʹִٰ ûõؼôµ,0
3620,ȫ ̵,  ٸ ,1
3621,ȫ ̵,ҰϷ纸 ξ ְ 븸బ  ̰ ̶ ,1
3622,ȫ ̵,߱ Ȱ,0
3623,ȫ ̵,񽺵 ģϰ ϰ,1
3624,ȫ ̵,  1ȸ,0
3625,ȫ ̵,ġ  ϱ ٽ  ,0
3626,ȫ ̵,ο 22900,0
3628,, ƴٴϴٰ Ǻ ãư ,1
3629,,ɿ 10000 ݴ ĽŸ Ǵٰ  ־ þ ,1
3630,,޴   ־ ž  湮ǻ ֽϴ,1
3631,,˸ø Ծµ ణ ¥ѵ ׷ ־ Ͻ ׿  δ ׸   ī  ع ĽŸ  پ ޴ ִ°Ͱ ĽŸ ð ѹ   ˸ø 8900̾ϴ,1
3633,ġ,ġ   ġ پ,0
3634,ġ,  ٽ ༭ ߲ ٻߴ,1
3635,ġ,Ѥ Ų̳ ߰ڴ,0
3636,ġ,4300 ũġȦ,0
3638,ôٸ,ôٸ ,0
3640,ôٸ,߱߱ʰ߱⸧ҽ  õ  ޾ƶ,1
3641,ôٸ, ҽ    λ Ϻ ߾,0
3642,ôٸ,¥ ĥ  ¥   ҽ ؼ Ծ  ĥ  ħ,1
3643,ôٸ,ȫ ߿ ҽڳ ִ° ôٹۿ  ¥ ־  Ȯ ٸ  ǳ  ҽ ϱ,1
3647,ȫͼ,    ٺ  Դ ڸ yy,0
3649,ȫͼ,޴   6õ  κ  6õ5,0
3650,ȫͼ,ġ  ȫ ö󰡴   ð ǳ 2,0
3651,ȫͼ,      ȥ   ޶ ϸ  ֽô  䵵 ֽ,0
3652,ȫͼ,  ԰   ܰ ¥   ɸ,0
3653,ȫͼ,  355,0
3655,ȫͼ, ڸ ſ   ΰ  ó µ ʤ    ģ  ޶پ ɾƼ Ծµ     ڳʿ     ġԵ ׿߿  츮    ¥ð 츮   ״       ƽƽѰ ȰҴµ ̤ ᱹ Ȯ ܼ پɾƼ ġ鼭   ٻ ð   ٳż ̶ Ű ̽ Բ α⸸ 20  Į ϽŴٴ    ־,1
3657,ȫͼ, 12 15  ؼ 12 30  Ѿ  ֹ  ֽô  ƴ϶    ԰ڰŴ ϰ  ڸ ֽô  п ð뿡  ̱     츮 6   ޾Ҵ 12 ̱ ѵ   ͼ  ̶  Ű澲,1
3659,ȫͼ,      Ե鲲 ī  ۴ ָ   ٷ Ḧ    Ŵ 26Ⱓ  ڸ ϼ̴ٴµ װġ δ  ,1
3661,ȫͼ, ȣ      ׸ ణ κΰ   ⺻ ִ  ߿    Ա   κ  Ű κθ â  ־ֽô ɱ   ϼż κ    ǴⰡ ׳ 񿡵   ,1
3664,ģ,Ʊڱ  ĬϹ ½̰  Ǿ־ ¥ ģ  °Ͱ  ⿴ ,1
3665,ģ,ģ Ͽ Դµ ͵ͼ Ĭ ϳ Ű ϰ ٰ ,1
3666,ģ,Ƣ ġ ״µ Ƣ  Ǫߴ  ִ ġ  ĥġε ̺  ϱ  ,1
3667,ģ,  Ĭ ̵ Ĭϵ ̻ õ,1
3668,ݺĴ,Ÿãư ݺĴ,1
3669,ݺĴ,Ԟj ,0
3670,ݺĴ, û  ƴѵ  ʹ ߾,0
3671,ݺĴ, ֹ ûؼ ,1
3672,ݺĴ,湮ǻ ۼƮ,1
3674,Ʋ꽺,ȫ Ʋ꽺,1
3675,Ʋ꽺,θ ,0
3676,Ʋ꽺,ðָҶ  Ÿκ,1
3677,Ʋ꽺, Ű ʹ ִ Ф,1
3678,Ʋ꽺, żϰ,1
3679,Ʋ꽺, Ф,1
3681,ȫƮ, а ȫƮ н  4200,0
3682,ȫƮ,⿡ ε 꽺 ־,1
3684,ȫƮ, ޽Ŀ Ҹ ϴ Ը̶  ְ  Ծ,1
3686,ȫƮ,۳  µ б ѵ Ƽ Ȱٰ ,0
3687,ȫƮ,ü ٲ  ó ôµ ׳  ޽ε,0
3689,ȫƮ,     ޽ ε  ޽δ  ȳԴͰƼ ű߰  ִ  ̾ Ҵ,1
3691,ȫƮ,ʺƴϴ ҽ  õ ޽ ̾ ġ䵵  ׳ 뷮̾,1
3693,ȫƮ,ıĴºе ִºе  ģϼż ,1
3695,ȫƮ, ֺ Ĵ   ö µ μ ,1
3697,ȫƮ,湮ǻ ,1
3703,޽þ,ϴ Ĵ纸 õ ΰ,1
3705,޽þ,䵵   ִµ,1
3707,޽þ,â   ,0
3709,޽þ,׸ ̰     ƺ,0
3711,ī,ī   ī̼տ  ,0
3713,ī, ڱ ҽ        Ʈ ¿  Բ θ ϴ ģ    ȫ븦  ,0
3715,ī,â  ̾߱ϸ Ը ãư  츮 ī ޴ ִ ʸ ߰ߴ ణ  Ÿִ ſ    츮  ϴٰ ָ غϰ ī Ա ߴ  ̾,1
3717,ī,2 ö ټ   ٸ ԰ Դ ణ ҾȰ   츮 ڸ Ұ ޴  ߴ  ȿ 츮 ̺ Ŀ  ̾ Ƹ ̶  Ը Ƣ ߴ 𸥴   ޴   µ  ϳ  Ȧ  ֹ̱⵵ ߴ ۸    Ŀ ̺ 츮 ֹ 󷹹 ޾Ҵ     ƴ   ȵǺ̴ ȫ Ѻ ԰   ھ  īε ϸ Ÿ Խ  ˻ ߴ ٽ ԰  ī ,1
3719,ī,츮  ޴ ƹ ߸     ӻ̱  ̹ ֹ   ٷ߸ ߴ  츮 ī д ؾߴ ֳİ  ϱ ģ  ϰ ̰ Ĵ翡 ;   ٰ ´,0
3721,ī,   α л ý򰡴     ٸµ  ̺ Ļ簡 25и Դ  츮 ͵    ڱ ϰ ִµ ֹ濡 ä Ƣ  Ҹ ȴ ׷κ 10  ڿ 츮 ī ̺ 絵ߴ,1
3723,ī,  Ծô  ϸ Ŷϰ ָ  ϸ  ޾Ҵ Ʈ̵  Ǽ ĥ ī׸   Ʊ     Ⱦ   ָ ı⸦  η зԴ,1
3725,ī, Ų  ī 󿡳    ɰ   ŭϰ  ޽   ⸦     ߴ  Ծô ֹϰ ϴ ̰ ī  ̾ εεŸ ī  ϴ κ  ϳ ݸ   ī⹰  äġ ̰ ƴ϶    ڴʰ     츮      ̰ź ϰ        ϰ  ʴ Ʊ Ĵ   ȸߴ ׷   α׷ ۰ ϴ ̶   ,0
3727,ī, г븦  ϰ  Ⱑ   ؿ  ϰ ;   ׷ ǵ ȸ οϴ  ð   ģ   ״ ٸ  ڰ ߴ ᱹ  â Ծ,0
3729,ī, 12000   ִٸ нİ ĿǸ ѹ   ִ ̴ Ȥ    ġ ϰų ˰ ִ  ִ Ļ縦 ϴ   ̴  츮ó ߸   ʱ ٶ   ʴ ī ׸ٴ  ī Ȥ ӾƼ ȵȴ ε ִ Ļ縦 ϱ ٶ,0
3731,̺ҵ,̺ҵ     ˰Եʤ,0
3735,ī ȫ뺻,޴ Ұ ī |200,0
3736,ī ȫ뺻, 17000 ,0
3738,ī ȫ뺻,   ؿ ī    ,0
3739,ī ȫ뺻,̹ ٸ ī ī  ҰҰ,1
3740,ī ȫ뺻,ռ ٷ ī ؼ ˷ٰž,0
3742,ī ȫ뺻, ,1
3743,ī ȫ뺻,ñ Ͻĸ ÷   ,1
3744,ī ȫ뺻,δ پ ޴   ̴ ,1
3747,«,Ѹȣȭ,0
3748,«,ѿ⼭ «Ծǳ  ,1
3749,«,Ѿ縹  ݰ,1
3750,«,24ð,0
3751,«,« ػ깰      ,0
3752,«,¥ Դ¸,0
3753,«,Ѱݳ,0
3754,«,ģ,0
3755,«,Ѻ5510,0
3758,Ĵ,â õ,1
3760,Ĵ,뿩ڱ   ϰ,1
3761,Ĵ,ִ°Ű ߸𸣰,0
3762,Ĵ, â ֶ Ӱž,0
3764,򽼺δ,򽼺δ  Ʈ޴    ߿  δ뺺 ̶° ֱ淡 Ѻþ,0
3765,򽼺δ,2αΰŰ 20000 ¥δ뺺 ĵ ϳ   Դ,0
3767,򽼺δ,ó  Դµ ޴ ׸  ο,0
3768,򽼺δ, ׳ ׷ 㿡 ׳ δ Ծ,0
3770,뱹,뱹 ı,1
3772,뱹,  öͼ ôµ 7000 ִ,1
3773,뱹,ϴ ̽ Ⱑ  ִ,1
3774,뱹,2 ִ¼2,1
3776,뱹,δ ̳ ȸ ,1
3777,뱹, ÷ֽ  մϴ ,1
3780,ſ 屹, Ծ ־ õ,1
3781,ſ 屹,ݵ ؿ,0
3784,Ʈֶ,޹ ÿͼ  ,1
3786,Ʈֶ,ġ ũ  9900,0
3788,Ʈֶ,λ ļ ִ° ԰   ,1
3789,Ʈֶ,ġ      ,0
3790,Ʈֶ,12 40   ڸ  µ 1 Ѿ    ѵ   ,1
3792,Ʈֶ,ũ ϳ     ,1
3793,Ʈֶ,¼Ưҽ ִµ ־ ѻ ξ԰ʹ    ĽŸ Դ°ǵ ŭϴ ó Ծ ޾Ҵ ,1
3795,Ʈֶ,۰  ̷     ,1
3796,Ʈֶ,񽺸 ޾Ҵµ ʹ ־ ̹  ߵ ̷   ȥ Ѵ,1
3797,Ʈֶ,Ž   ü  ö󰡴µ ູ ̾ ض,1
3799,Ʈֶ,߰ ִ Ӹ Ϳ,1
3800,Ʈֶ,Ҽ ִ մ,1
3802,Ʈֶ,  ڸ  ϰ ڰ ,0
3803,Ʈֶ,    ģ ƽ̰ ,1
3807, Ͼн, 4000,0
3808, Ͼн,ġ 4000,1
3810, Ͼн, ޴   ſ    ,0
3811, Ͼн,     ó̶ ô,1
3812, Ͼн,ġ 䰡  鰡 ϴٰ ؾ ϳ Ͽư  ̻̾ ̴  ,1
3813, Ͼн, ٴ ̸  ϱ ϴµ ׷ ,0
3814, Ͼн, Ծ  ߿  ־  ̴  Ǵ,1
3815, Ͼн,׷   Ƽ ѹ غ ɷ ҷ,0
3818,  ,    ڸɷ ؼ ٰ,1
3819,  ,ĽŸ ٲؼ  ,0
3820,  ,ȥ  ִ  ״ο Ծ,1
3821,  ,˸ ø ĽŸ Ծµ,1
3822,  ,    ׸ ٰƮ  ֽôµ,1
3823,  ,̰͵ Ұ,1
3824,  , ּż ޴    ,1
3825,  , 12900  ׷  ִ  Ф,0
3829,͹ũ, Ÿġ ɟ弼Ʈ 8800,1
3830,͹ũ, Ҽ ߰ 2000,1
3831,͹ũ,  ũ  4200,0
3833,͹ũ,⿡ Ǵ   ѹ Ծ ߾µ  ð ְ   ̱淡 ٷ,1
3835,͹ũ,1  Ѿ  տ 8  ־µ   40 ɸ ֹ ̹ ٸ  ޾ư  ɰ ݹ  ,0
3837,͹ũ,      ʾұ⿡  ؼ          ù  ־µ Դٺϱ  ſ  ⵵ ϰ ҷ ,0
3839,͹ũ,ɟ ְ θ ׳ Ʈ ѵ  Ű ɟ   ũ  ڸξ  ޽    ÿ  ġ ִ° 淡 ״µ      ġ  ް  Ҽ ߰,1
3841,͹ũ, 귱ġ ̳ ɟ  ݵ  ̰ ҷ  ð γϸ 30  ٸ Ű ѵ   ԰   νð ٸ° Ұ ,0
3843,ƼĨ,Ƣε,0
3844,ƼĨ,մѸ,1
3845,ƼĨ,̰ 7500 ȵ ,0
3846,ƼĨ,ͰƢ ѵ,0
3847,ƼĨ, 絵 ƿ,0
3848,ƼĨ,ٵȷ Ծ,1
3850,ƼĨ,ƼĨ,0
3851,ƼĨ,߽ӿ,1
3853,Ʋ꽺,Ʋ꽺 ׻ ö,1
3854,Ʋ꽺,ָ       ֽŴٴ  Ϸ ,1
3855,Ʋ꽺,2500,1
3857,, ٸ鼭   1 ı,1
3858,,ٻٻ Ƣ谰   ʾ ٻٻ ʴ,0
3859,,8  Ѿ ŲŶ ̸ Ƣܳ ٽ ¦  ִ    ,0
3860,,5õ ġ  ׳ε,0
3861,,ü ׳ ϴ,0
3864,Ҵī,ű   簡Ʈ ó   ,1
3865,Ҵī,ü α ѵ ׸ŭ   ־,1
3866,Ҵī,Ƚī ¥ ¥ ε巴 ϴ,1
3870,佺Ʈ,ܹ ޶ ؼ ׷  ΰ ־̴ּ,0
3871,佺Ʈ,   İ 鼭 ְ ̴   ôٸ ڶϼ̴ ,0
3872,佺Ʈ, ־  ѳ ,1
3874,Ĵ ,̰ ȫԱ 2⿡ 5 Ÿ б  ð Ա  Ḧ ׳׳ ٴϱ ǵ ϰ  ģ õߴٰ    Ծٰ Ѵ ,0
3876,Ĵ , ÷Ʈ 29500,1
3877,Ĵ ,ũ ÷Ʈ 18500,0
3878,Ĵ ,ġŲ ÷Ʈ 16500,0
3880,Ĵ ,޴   ٰ   ũ Ծ  ޴ ڽ ´,1
3881,Ĵ ,忡Ÿ÷Ʈ,0
3882,Ĵ ,̷  µ θ޴ 忡Ÿ   ٲ° ,0
3883,Ĵ , 96928 96928,1
3884,Ĵ ,νŸ    øôϱ ,0
3886,Ĵ , ı   ,0
3887,Ĵ ,  ٰ  ̳ ϰ Ư  ϰ Ծ,1
3888,Ĵ , ˰   ׷   ϱ Ա   ߵǴ° ¯ε,1
3889,Ĵ ,  Ī,1
3891,Ḯ   Ƽ,Ḯ   Ƽ  ߴµ ؼ 4700 αѵ ,0
3892,Ḯ   Ƽ, ,0
3893,Ḯ   Ƽ, °Ѱ ,0
3895,Ʋ꽺,Ʒ     Ʋ꽺 2500,0
3897,Ʋ꽺,ؿ   پ Ͻôµ Ƹ  ִ   ,0
3898,Ʋ꽺,   Ͻô   Ф ,1
3899,Ʋ꽺, ֿ     ּ̾µ Ѵٰ ϴϱ  ϴ   ҰŶ   ϽŴٰ 峭 ϼ̾ 0 ظԴ° ߴµ ƽ  ,1
3900,Ʋ꽺, ذ   Ƹ   ð  ̾ ,1
3901,Ʋ꽺,׸ ޴  ִ°   ׷ ̾   ٸ͵   ־,1
3902,ĽƼ,ĽƼ ġ Ʈ,1
3904,ĽƼ, ؼ Ƣ   7000,1
3905,ĽƼ,  ׳ ġ Ʈ ־,1
3906,ĽƼ, ǰε Ȱ ,0
3908,ĽƼ,  ްϴ ϰ Ƽ Ұ °  Ծ ϰ 丶 żѰ    ־ ǳ  Ƴ ̷ Դٰ ٷθ ϱ  ä  ˰Ŷ Ͼ ̴,1
3910,ĽƼ,Ŷ     ϰ ä ż   Ⱑ     ,1
3912,ĽƼ,  Ȱ Ծȿ ÷ ΰ  迷 ִ źϰ    õغþ,0
3914,ĽƼ,Ƣ     ٻٻ  Ƣ   ƾƸ  వ ѵ  ׷ž  ¥ ⵵  ,1
3916,ĽƼ,׸  ߿Ѱ ǥ ,1
3917,ĽƼ,,1
3918,ĽƼ, ˹Ͻô  ʹ ģϽñ ,1
3919,ĽƼ,ָ ٸ̽Ű Ƽ ư ֹϵ  Ͻô°Ͱ ֹ  ģϰ ޾ֽð ְ غص帱Կ   ̰ ׻ ֽ Ҷ    ż ֽð Կ  ġﶧ ɸ ż  ҰԿ  ϽŴ ȫ뿡  ܹε ̷ ģϽ  ó ģ  帮  ,1
3921,ĽƼ,ٺ ĽƼ  ϰ ǾηǴ,0
3922,ĽƼ,߹㿡 ̾ȿµ  ʹ Ը  f ƴϾ,1
3924,ڿ뼮,ڿ뼮 ü  ,1
3925,ڿ뼮,,1
3927,0410,ȫ 0410 3500,1
3929,0412,ŷ ڶ   뵷 ޾ƾ ϴµ   ,0
3930,0413,ɰ ȣǥ ޾Ƽ ڸ  ,0
3931,0414,ð µ    е鿡 õմϴ,0
3933,ô,ôп  ڶ øԾµ ׳ ׷ ڶ  ȹ߶ְ õ   ƴ϶  ,1
3934,ô,  뷮 ȿִ ô ε װ ϰ Դٰ о ΰ ,0
3947,1976, 1976 ۾Դµ,1
3948,1976,Ʒ ż ,0
3950,1976, ҽµ ߲ ,1
3951,1976, ,1
3953,1976,ġ  Ե ,1
3955,1976, Ѹ߰ſ ðߴµ  ƿ  ſ ϴ  ּ̺ż ˾Ƽ ѷ ,0
3957,1976,⺻ ߾ƾǰ ̱ µ,1
3958,1976,ʾƼ ̶ Դ  ߸,0
3959,1976, ʿ ġ  1976 ,0
3960,1976,Ұä  δ ġ 11000̰,1
3961,1976,3̻ 湮  ȫ ϸ 1κ ֽɤ̤ ,0
3962,1976, ° ؼ  ü     ҽ   ̰ äҵ  粯  ְ ֶ ûä ߶ ̶  ǳ Ԥ,0
3963,1976, ׵       ̰ ̶ ױ Ϻϰ Ŭ ,1
3964,1976,ɽð ⿡ ݵ  Ե ģϼż õ   3̻   ߰ ޱ ٶ,1
3966,Ĵ,  Ĵ 6500 ߰2000,1
3967,Ĵ,  ū  ƴ     ʴ,0
3968,Ĵ,İ  ڶ  ִ ⿡  ¦   ¦ ڱ ̶,1
3969,Ĵ,  ־  ϰ   ȼ   Ա⿡  ,1
3970,Ĵ,   ٴ   ± ,1
3971,Ĵ,Ͻ ܾ  Ծµ  ϴ  ̶  ѽ ԰    ߰ڴ,1
3973,̹̰,켱 е ģ ,0
3974,̹̰, Ÿڿͻġ˸ Ծ,0
3975,̹̰,   ִ ʹΰ ϸ װ ƴ,1
3976,̹̰,Ư   ƽ ǻ Ư ҽ   ,0
3977,̹̰,31 ̺Ʈ    ƴϰ ̺Ʈ     ǹ,1
3978,̹̰,극ũŸ ̱⶧   Ծ ϴ» ŷ  ٷο   ڰ ֱ⶧ ̷ ƺ ,0
3980,̹̰,湮 ǻ ,0
3982,̹̰, б⿡ ݺĴ翡 ޹нŰ  Դ ʹ ϰ  ־װ ߴٰ ó Ǹ Ф,0
3986,͹ũ,ƴ  ƹ ļ ̶  ФФФФ ,0
3987,͹ũ,ũ 翬 ̾ ļ ¥  ϱ ϴµ ʹ ູϰ Ծ ݵ ູϴ  ؿ,1
3988,ġս,ġս    ,1
3990,ġս,̾  6000 7000 Ƽ ƴѵ,0
3993,źҶ,10аɸ س 30аɷ ģѸ ԰ ,0
3994,źҶ,ġ䵤   ȸ¾Ƽ  ۸Դ  3500ġ 絵    ԰,0
3995,źҶ,Ƣ Ƣ ġ ״µ Ƣ  ݴ  Ǹ,0
3996,źҶ,ġ ġ Ӥ ٵ ȹٻ ġ,0
3997,źҶ,̴ ׷ ,0
3999,źҶ, ٽ Ȱ,0
4001,뱹,뱹 뱹 7000 3㿡 8,1
4002,뱹, ϸ鼭 ϰ     ⿡    ڱⰡ  ׷     ٴ  Ǫϱ   ¾Ҵµ 㿣 ݸ  ġ   α ġ ¥ ־    ֹϰ ߰ ġ  Ծ,1
4003,뱹,ߴ ϳ  ʰ ϳ ణ ſ Դ   ſ    Ծ 6 µ 鿡  ̴ ϴ ò    մ  ְ  ȥ̰ų ̶    ׷ õõ ԰ õõ ɾ  ,1
4004,뱹,   ִ Ͼ 밡 Ư ִ εε 㿣 븸 ޶ ؼ Ծ  Ҽ ѳ ģ  ð ʹ ϱ   ,0
4008, ȫƮ,   ,1
4009, ȫƮ,ȫ ģؼ   ƮԴµ,1
4010, ȫƮ,ְ ʹģϽɤ̤,1
4011, ȫƮ,  ־޶ϱ  ȶҸŭֽ,0
4012, ȫƮ,ٵ ִٱ   ƮͶ,1
4025,ĽƼ ,ġ ؼ   ,1
4026,ĽƼ ,ġ ̱  ,0
4027,ĽƼ ,  ִµ ä  ޶ ִ°ǰ,1
4028,ĽƼ , غ ,1
4030,ھ,ھ © ı,0
4032,ھ,9õ ġ ִ  𸣰,0
4034,ھ,޹ Ź ο ũ Ŀ,1
4036, ü,̿ ü ı ,0
4038, ü, Ÿ  öԱ淡 ôµ 켱   μ90 80 60,0
4040, ü,黡 ¥ 麸  ˵ İ ó ĳ  󸶾ȵǼ Ȳߴµ  ߰ ѹ ؼ Ҹ   ־ μ ߰  ҽ Źϸ  ֽ ٸ ߰    ֽ ˾Ҵµ ƿ 1κ   Դٰ ʹ ҷ   ݸ ޶ 帱 ,0
4042, ü, μ ҹó ⸧⸹   Ѵٸ õ      ߰Ƣ Ǿ ־,1
4044, ü,  ÷ Ծµ ұ      ϰ Ⱑ ε巯 ,0
4046, ü,  Ƣ ؿ  ġ 尡  Ƣ  ֱ⶧    ޴̱ϳ ٸ ޴   Ư  ̾  󰡴 Ѹ,1
4048, ü,  ϴ,1
4060, Ʒ, Ʒ ߺ 24000  1000,0
4061, Ʒ,3㿡  17   12 ȫ   30   ó ģ      ,0
4062, Ʒ, ־   ߺ ߿  ־  ۿ ߺ Ծ   ó̾ ٵ  ִ,1
4063, Ʒ,  Ա Ƽ  νƮ ԰ų ų ϴ ü  ż    ߺ  ϱ ʹ  ߿    ߰    ϰ ε巯 ߿  ٸ Ƽ  ڱ ַ   絵     ־ ̶  ҷ 3κ Ǵ    ̼ Դ    ż ͼ ٷ   ִµ 20 ɸ,1
4064, Ʒ, ִ  ڰ  ε巴 ŭ  ̿ ʴ  Ŷ麸  ſ  Ȥ װź  ʰ ֽ  ֳ Źߴ  Ŷ ʱ ,0
4065, Ʒ,  ÷  ʵ ְ ߶Ƣ赵 ȾƼ     ø ູϰڴ Ĵ絵 ϰ ٵ  ؾ  ,0
4069, ,           ,1
4070, ,ٳƢ ,0
4071, ,ð    ,1
4073, ,   ,1
4074, ,   ,0
4075, ,  ÷ ̻,1
4077,Ʋ꽺, ޴ ٲ°ǰ,0
4078,Ʋ꽺,Ű ״µ   ,1
4080,,Ǽ åŸ ,1
4082,,޴  ɵ ҹ ø  4,0
4083,,ĳ ̰   Ͽɷ ,0
4085,,11 30к ϰ 2 ,0
4086,,޴ ̻ڰ  â ǳ浵 ,0
4088,,  ڸ  ֹߴµ  ٸٰ ʰԳͼ ̾ϴٱ  񽺷 ּ˾,0
4090,, ̰ ⸸  ԰ Ⱑ Ƽ 2ΰ  ,0
4091,,׸ ׸  ⿩,0
4093,,    ع  ġϰ ܹ  ϰ ֽ ;ƴϱ  ̷    丸 Դ°Ծƴ϶   鱸 ׷,1
4095,, ̶ ƽ ϰ ,1
4096,,屹    ,1
4098,,׸ Ҷ 񽺷  ɲ ּ˴,1
4099,,ִµ ־   ׷ οﶧ ٵ  ڴ ϸ ðž,0
4103,ÿ,  ϰ Դµ ,1
4104,ÿ,11 ε  ϰ ٷ  ͺٴ 12 뿡      ġ  ִ ͵ ð   ,1
4105,ÿ,  ʹ   𸣰ڴµ   ԰ڴ ϳ ,1
4106,ÿ,ɽð  Ÿ Ѹʺ ÷ ϴ  ,0
4108,佺Ʈ,ħ  佺Ʈ,1
4109,佺Ʈ,ħȵȴٰµ Ǵ,1
4110,佺Ʈ,30002000,1
4111,佺Ʈ,  ż ƻ ,1
4112,佺Ʈ,佺Ʈ 忡 23000ְ Դ¸,1
4114,佺Ʈ,,0
4116,ĽƼ, ĽƼ 60 ,1
4117,ĽƼ, ο ִ ,1
4118,ĽƼ,ϰ վ,1
4119,ĽƼ, ȫ    ,0
4120,ĽƼ,ȥϱ⵵ ,1
4121,ĽƼ,Ƣ ¥ʰ ؼ Ҿ  Ƣ ƴ ź ź  ,1
4122,ĽƼ,  ϰ ޴ ġ ġ,0
4123,ĽƼ, ִ  ƽ ݴ õ,0
4124,ĽƼ,ġż 7000,1
4125,ĽƼ,ġżƮ 5800,1
4126,ĽƼ,ǰ 3õ Ͽ ƿ,0
4128,ī,ī տ   ó,0
4129,ī,ī Ծ ; µ ʹ   äī     ޴ ſ  0ܰ5ܰ ְ  1ܰ ,0
4130,ī,ī ʹ  ä ׳  äҰ  ϰ ħ  ī ̷   ƴϰ ٽ ԰ Ф,1
4132,īȭ,θ̶  µ  ̳ Ƽ ٵ Ͻ ,1
4134,Ͽ̾ ,  Ͽ̾ ΰ,1
4136,Ͽ̾ ,  ¥  ߰,1
4137,Ͽ̾ ,9900,1
4138,Ͽ̾ , 9  ,1
4140,Ͽ̾ ,ڱ ,0
4141,Ͽ̾ , ذ ¥ٸ ¥ ʴٸ ʴ,0
4144,  , ź   8000,0
4145,  ,2019 ̽ ƼĿ پִ    ̽ ѽŷڸ   ٱ Űũ ֹ  ȿ  Դ´  ɷ  Ŀ   ׸   ϴ ̹ 鲿ϰ    ð   ߰  ε巴     ȣ  1ȸ   ϸ ߰    ͵ Բ ʵȴ     ó      ׸  ԰ θ,1
4147,  ,     Ծ  Կְ ϴ  ѵ      ߴ ¦     ϴµ ü  ̱⵵ ϰ;  Ҹ   ̶ ׷  Ϻ 쵿б̳ ǥâ  ͵  پ־  ҷ  ʿѵ  λ ° ϳ ϰ ȴ ȥ  ٸ  ִٸ ȥ䰡̴  ´   ʹ ¥ ʰ ¦ ü·  븥ڰ ȣ,1
4149,  ,丮ź     ó  ũ쵿  ǰ ִ  󼭴  Դٺ ϴٰ      Ŀ   ù    ־ ҷ ϴ  ȴ ۾̴   Կ ΰ ο츦 Դ Ÿε  ϰ   ̾  ڸ  ȣȯ   ̶  Ƹ   ϴ ,1
4151,  ,丮    鿡  ν  ſ ϰ    쵿 ؼ  û    ̿쵿  ְ  ¦  ̾µ  ݶ ָ ڴ ׷ ټ  鿡   ¦  ; ־⿡ Ϻ  Ϻ ȭ ̷ ϸ װ  ƴϰ ׷    Ȥ  ¿ ̷   ÿϰ   ִµ ߰        ִ ,1
4153,  ,б ִٸ  Ÿ ణ ָ  ̴ ð ̽   ȫ   ߲ϰ    丮 ԰  п鿡 õ,1
4156,īȭ, ó  2μƮ ״µ,1
4157,īȭ,ǳ   ¥ 2,0
4158,īȭ, ־,1
4159,īȭ,22000̶ ̼ 11000ε,0
4160,īȭ, ſ ٰ ,1
4163,ȫ ī,   øе21 9900,0
4164,ȫ ī,Ƣ ҽ  ŸŸ ҽ ٸ ̶   ٸ   ⸧    ⵵ ε巯 ־µ ø ״  ʾ ֹ  ٵ    ,0
4165,ȫ ī,ø Ʈ     õ  ϰ ߿  ȴٸ  ġ  ,0
4166,ȫ ī, ģ,0
4167,ȫ ī,Ǫ  ʿ ,0
4169,콺,콺  10000,1
4170,콺, Ƣ   ,1
4171,콺,ǽ¥ ô Ծ    񽺷  ʹ Ƣ赵 ־,1
4173,Ұ ,Ұ  ϸſ,0
4174,Ұ ,  ſ Ф,1
4177,ȫ,   ȴٰ Ͻ,0
4178,ȫ,Ÿ ִ ؼ Ծ,1
4179,ȫ,䵵  񽺷 ǵκε ̴ּ 絵   ,0
4180,ȫ,Ե ģϽð  ,1
4182,,䤺      մϴ       ̸  ,1
4183,,ϸ ϵ̶  ø Ǵµ         ƿ,0
4184,,̽ ׷  ̱⵵ ؿ,1
4186,,̽   ʴ ѿ  ǿܷ λ Ӵ뱹 ϵ Ȱ ǰڴµ ,1
4189,,   ϵ ĹڿԴ Ѿ  ̴ ϵ ġ ø ó  ҵ  ִ  Ư   å  ƲԼ񽺿   ƽ ǥϴ ǰ ִ ִ ,1
4191,, ̽ ׷  ̴ 3 5õ  ݿ  Ĵ̶     ϰ ִ ̰  Ӵ뱹 λ̴ 忡  Ӵ뱹   ְ ϰ ʰ   ,1
4193,,  â   ִµ     ϵ ϰ  ѿ μ 丮  ϴ  幰ٴ ̴  ׶ ̳ ָ Ǹϰ ִ,1
4195,,¿   ϵ ȴ  鿡  ξ    ̰ Ϲ Ĵ 񽺸 Ѵ Ļ縦  ʴ   ִ,0
4197,, 11000 Ư  13000̴ Ӵ뱹 8000̰ ƯӴ뱹 10000̴    Ļ縦   ݱ ѿ츦 Ѵٴ  ϸ     ϸ ո̴  쵵 ׷,0
4199,,츮 ƴ ȫ ϴ  ƴϰ   ̸ ո  ִ Ǫ ֻ ó Ĵ簡 ġִ  ְ 2 ִ  ټ   ɾ ٶ  8 9 ⱸ 150 ,0
4201,,2 ġְ  ϰ ̺ Ÿ ϴ  Ļϱ   µ ϰ ִ ְ Ļϱ⿡ ڶ ȯ ȭ    ǹ       ġѴ,0
4204,,ģϰ  ݱ  4 ɱ⿡   ̺ þ ִ ٸ Ư¡    Ĵ ,1
4208,,ϵ ϵ ո ݿ   ʹٸ,0
4209,,ġ Ⱥ Դ   ִٰ Ѵٸ,0
4210,,  ѿ μ 丮鸦  ʹٸ,0
4213,,ᱹ   ̾߱ ϵ 񱳼   ۿ    ̽  ׷   ϰ λ  ִ Ӵ뱹    ݵ ѿ ϼҸ Ѵٴ  ϸ ո̴     ֽ ϵ   ״  ʴٰ Ѵ ,1
4215,,԰   ̶      ̴,1
4219, ,Ű   ְ   ڿ,1
4220, , ġ ־   ٽ 뿡 ִ,0
4221, ,޶ߴ ä ֱ淡  ߰ ߾,0
4223, ,   Ȱ׷  ̷ 뵵 ΰ   ڴ󱸤Ф,0
4224, , 2 ð ٸ ȱ׷ ƼФ,1
4227,ս,Ʒ ȫ ̾,0
4228,ս, ſ ó  Ƽ ۽,0
4230,ս,  Ĵ°Ű ֺҳø鵵 ȴ  Ҵ ȸʰ ٺҴ   Դ ε 2ܰ ְ ſ ٺҴߺ ¦ ſ,1
4232,ս,,0
4233,ս,5000,1
4234,ս, ģϽ 2ܰŰ 1ܰ Դ° õѴϼż 1ܰ ׾ ٵ  ȸſ  ʰԵǳϴ ҽ  ּ̾,0
4236,ս,,0
4237,ս,ſ ϸ ͺѰŰ װԾƴϸ ״,0
4241,͹ũ,Ʈġɟ 10800,0
4242,͹ũ,Ÿġɟ 8800,0
4243,͹ũ,ҽ ߰ 2000,1
4244,͹ũ,  ȳµ  Ű ó ,0
4246,͹ũ, ְ  2ð ʹʹ ̴  1ð   ٸ 30 ɾƼ  귱ġ   Ǵ    ٸٰ µ ˾ƺż ʹ ű     ,0
4249,ڸ ֿ丮 ,ڶ  濡 ִµ ɵ ֳ׿,1
4250,ڸ ֿ丮 ,ð缭  8500ε  ϰ 絵ƿ е鵵 ģϽð Ư ˹ٺ ǰ ģ߾,0
4252,ڸ ɾ߽Ĵ,ڸ ɾ߽Ĵ2ȣ,0
4254,ڸ ɾ߽Ĵ,ݰ ϸ õ༭ δ 7õ5 ԰Ȱ̵ƴϳĲԾ ,0
4255,ڸ ɾ߽Ĵ,ٵ ϴ°̶ ׷   ʹ ¦ŷ ο̾ ,0
4256,ڸ ɾ߽Ĵ, ǰ̾ 絵 䵵 ѿ 絵,0
4258,ÿ,Ѹ ʹ ˰ ִµ ѵ,1
4260,ÿ, ġ 1 700̿,0
4261,ÿ,÷   ̿,0
4263,ÿ,87002000  7600 ԰ Ծ,0
4265,ÿ,  ȸʹ ε,0
4267,ÿ, 16 ԰  ̸ ϴٰ ؿ,1
4269,ÿ,տ Ű  ̿밡ؼ  ϳ Ű鼭 ʹ ޴´ ϸ 2000 ׷ ƿ,0
4271,ÿ,ɶ  ʷ   20  Ծ ϴ ̿    õؿ,1
4275,1988 ,   ġ 9900̶    ϹǷ 뼭,1
4277,1990 ,,0
4278,1991 ,1 δ ġ 9900  ṫ 1000,0
4279,1992 ,2 ȥ䰡 ̰ ԾƳİ ,0
4280,1993 ,3 ,0
4282,1995 ,,0
4283,1996 ,1   öµ ,1
4284,1997 ,2 ٴ ,0
4285,1998 ,3 ⱸﶧ ⸧ ȹ Ƥ  ° ƴ  ȸġ ޾Ƽ   ٴڿα  ׷  ġ ϳ  ޵,0
4286,1999 ,4 ְ  κи     ߰ ο ׳  ,0
4288,2001 ,   üִ 𸣰ڴ ʶ ѵ ó ö Ǵ  ˷,1
4312,ȫ,    ε    Ŷ      ,1
4318, ,Ƹ޸ī 5õ,0
4319, ,ƾƸ޻  ε巯Ŀ˸  Ը ,1
4320, ,īչñ ī    ϰ˵ٻ ʸ ׳ ݸ ׳ ڴϱ    ī ߴٰ Ǹ,0
4322, ,Ʈ  ⺸ٴ      ü ϰ 뷡 ϴ    ۿ ,1
4323, ,2 3 ִٰ ,1
4331,ٴȸع,ѱ췰 ýٽ̸ſ45,0
4332,ٴȸع,Ѱ ,0
4333,ٴȸع,ѿ߰Ѱ̰ ,0
4334,ٴȸع,ѱ췰  ξ־ 췰 ƴ϶ ּ ߱ ̻ Ǵ ε İ ܴ,1
4335,ٴȸع,ѽٽô±⺻ Ѵ,0
4336,ٴȸع,ѷ ȸ Ѹ°Ծƴ϶ 忡 Ѹ°,0
4337,ٴȸع,Ѹſ ,0
4338,ٴȸع,δ15 Դ ȸ,0
4339,ٴȸع, 5510,0
4342,ȫұ,ұ 3900,1
4343,ȫұ,¥ 2 2900,0
4345,ȫұ,ġ ȰŸ  ʰԸ ,1
4347,ȫұ,ұ  §  § ؼ  ٸԾ,1
4348,ȫұ,¥ ٻٻ ,0
4349,ȫұ,ٸ޴ ü  ̴  丷 ߰ڴ,0
4351,ȰƼ,  ȰƼ νú  ũƼ ÿؿ ũƼ ϴ п ,1
4355, ݺĴ, ұ 8000,0
4356, ݺĴ,Թڽũ 11000,1
4358, ݺĴ, ¥  Ծּ ,0
4359, ݺĴ,¥ û ū ⸧ ߱ ӿ Ф,1
4360, ݺĴ,õ  ߶վ Ա⵵ ,1
4362, ݺĴ,Թڵ ִµ û  ϴؾߴ볪 ġ ΰ ư ־,1
4364, ݺĴ,ع ,1
4365, ݺĴ, Ȱ ñ,0
4369, ̸̿н, ̸̿н ̸ 6000,1
4371, ̸̿н,īȭ ڸ  ϴٰ ڱ ̸ ܼ ,1
4372, ̸̿н,û ʰ ϰ ް ̸,1
4373, ̸̿н,ſ    Դ  ,1
4374, ̸̿н, ִ ̿ 豹 ¦ 񸮴,0
4377,īȭ,¥ 2 10000,0
4379,īȭ, δ,0
4380,īȭ,ٵ ù ڸ Ų 12 5ε Ȯϰ 1 10п Դ Ȯ ѽð аɸ 峭ϳ,0
4382,īȭ, ȵǸ  ,1
4383,īȭ,30  󸶳 ɸİ ô ϰڴϰ ù ׷ ƹ ȳ  30  귶,0
4385,īȭ,༮  ذ ׷ ġµ ༮ ìٰ   34̺  ƹ͵ ȳ°  ǳ,0
4387,īȭ, ׷  ʰԿ ̺ ¥ ִ,1
4388,īȭ,̺е鵵 ¥ Ծµ װ ٸ԰ ׺е Ͻð  Ŀ 츮 Դ,1
4390,īȭ,׷ ѽð  ¥ ö ̰ ƴʳİ ѽð ٸµ  ȳ ֳİ ߴ ̾ϴٸ鼭 ̴ ĵִµ ¥   ׷ ׳ ȸ԰Դ ư   ̾,1
4392,ڹġ,︲ ұ ó ڹġ,1
4393,ڹġ,īä  ǥ޴ ũī ΰ Ű 1500¥  ߰,0
4395,ڹġ,ݹī 79001500ؼ  9400,1
4397,ڹġ,  ī ĵ̶ ׷  ִٰ ߰   ѵ ִٰ ,1
4399,ڹġ, ߰ ؼ    ģǼ   信 ҽ  񺭸԰  ҽ  ߰ؼ Դ° ̵̶,1
4400,ڹġ, īҽ ,1
4402,ڹġ,ع   Ŭ ,1
4404,ڹġ,  Ʊڱϰ Ϳ ̰ ڵ  ,1
4406,ڹġ,  ۿ ִ ǿ ޴׸ ȭ        ٸٴ°ԽŰ澲 ΰ ̼  ϱ ù ǿ    ,0
4409,,ѽĻҸŭ 뷮,0
4410,,  ,0
4411,,Ѿƴ¸,0
4412,,Ѹſģ ,0
4413,,ѾƮ ̰°Ŷ ¾,1
4415,ȫ ,  ƴϰ ݿϿ ,0
4416,ȫ ,ȫ  н ε ۷δ϶   ݹ  ׸ ̱ ̾ϴ,1
4417,ȫ ,ġ Ƽ ׷ ε մ ۿ  ȫմϴ Ф,1
4418,ȫ ,ȫ  ̰ ̸̿,1
4425, ϵ,ų  ߳  2κ ġ,0
4427, ϵ,θ ʹ  ; ׸ߴµ,0
4429, ϵ,6500 ,0
4431, ϵ,ΰԹθ ð,1
4433,īȭ,īȭ 22 ĿüƮ,0
4434,īȭ, ǳ ¥ «,0
4435,īȭ,¥  ־,1
4436,īȭ, Ʈ ¥« ̳  ƽ,0
4437,īȭ,ٷ  ߽ ߿   ,1
4438,īȭ,߿丮 丮 丮 ְ,1
4439,īȭ,  ǳ  ĥ ũ ,1
4440,īȭ, ,1
4444,ڸ ֿ丮,    ȽŰ  ,1
4446,ڸ ֿ丮,մԾ ۼ ø,0
4448,ڸ ֿ丮,ɵ ۱ѵ  ˰  ֹϸ  ִµ װ  ִ ¦ϰ,0
4449,ڸ ֿ丮,ť꽺ũ Ȯ ¥  § ڿ ̶ ĸī   Ծ ȴ  α׸Ծ  屹ִ,1
4451,ڸ ֿ丮, ȸ ϴ ̰,1
4454, ,굿 »̳ 3 » ĽŸ ԰  ƿ  İƼ   ״µ ĽŸ 뺸  ݵ ϰ,1
4455, ,ڿ ġ ¯Ƥ û  ¥ġ ƴ  ؿ,1
4456, ,  İƼ  ҽ̷ ֹ߾,1
4458,ĭټҹ, ʹ ؼ  並 ؾϳ ͱ ,0
4459,ĭټҹ,ٸ  ĭټҹٸ Ծ     ϴ±  ϴ,1
4461,ĭټҹ,   ںνɰ ڽŰ ġ ε  ִ ü  ҹϺ  ,0
4464,ĭټҹ,޴ Ϻ  ҹ  ϳ  δ   ֿ ݶ̴ٶ󹫳Ϻ  ̴ ִ ĭټҹ  ҹٴ    鿡  ä   پ  ҽ 񺭸Դ ̶ Ѵ ڰ鰡Կ     Ư ҽ  ,1
4466,ĭټҹ,  ԰   ޶   ִ  ҽ  񺭸   ִ ,1
4467,ĭټҹ, źµ   Ǹϴ ҽ     Ų ⸧  ִ  Ŀ  ԰ §  ִµ ̹ѵ   ִ ԰ Ŀ  ⰰ   ȿ ´ ￡  ,1
4470,ĭټҹ,  񽺴 ֹ  ü  ϳ ̰   ΰ λ  Ѵ Ư ģ ʴ ֹ Űũ ϰ ڿ Ļ ̺  ſ Ⱑ  Ļ   ̺ ȸ   ԰  ϴ  ,1
4472,ĭټҹ,׷ ̰ ԰ ϴ   ö̶ Ѵ ,1
4474,ĭټҹ,ҹٴ 9500̴  ׷   4000ź  2000󹫳 3000,0
4475,ĭټҹ,ð    Ź  ׸ Ǹ ,1
4477,ĭټҹ,  ص۱  öͼ Ⱦܺ ǳʸ ̴  ȿ ٷ ִ ȫ αٿ  幰   ָ ߺ̰  ȫ ġǾ ִ  δ  ټ ,0
4479,ĭټҹ,ڴ ̰    ٴڿ Ǿִ  Ļ ̺   ٶ󺸵 پִ ȭ  ο   ġѴ  Ļϴµ ƯȭǾ ִ  ٸ  Ļ縦 ġ  ̴,0
4482,ĭټҹ,ƹ  ̴ٺ ̺ ȸ   ̴  Ϻ   ´     Ļ縦 ϼϴ  𸣰ڴ ڰ ϴ  Ϻ  ó    ¼    򰡰 ƴұϴ   Ļ ǳ̸ ġ ʴ ԰  ׷ ,1
4484,ĭټҹ,Ϻ ҹٸ   ԰  ̵鿡,1
4485,ĭټҹ,   ߱ϴ ̿,0
4488,ĭټҹ,ְ ְ ִ,1
4490,ĭټҹ,ȫ ܽ  Ư¡̶ Ϻ 丮 ٴ ̴  ٺ   ƴ     ¥ ٵ ִ   ص   湮  ϰ Ư    Ļ ǳ̸ ϼϴ  ִµ ϴ,1
4492,ĭټҹ, Ǽ ټ     ϴ ູ  ̴  ,1
4493,ĭټҹ,ĭټҹٴ λ ȫ溹ȭ  ִ,1
4495,븸߽,  븸߽,1
4497,븸߽,  ִ 븸߽  ߴ,0
4498,븸߽, ߴ,0
4499,븸߽,ó  ϴٰ ǳ ״,0
4500,븸߽, 6000̰,0
4501,븸߽,  ٻٻϴ,1
4502,븸߽,ǳ Ƽ  ,0
4503,븸߽,ٸ   ƽ,1
4504,븸߽, ؿκ ǳҽ  ʹ δ㽺 ̿,1
4505,븸߽,׷  û  ͼ Ÿ Ծ  ,1
4506,븸߽,6000 ̷ Ƽ 丮 ´ٴ°  ε,1
4509, īȭ,ó ޴   α淡  븦 ߴµ  Ѵ,1
4510, īȭ,Ưϰ ä信  µ ϰ ߾  Դ¼ Ծȿ Ҹ Ȯ ,1
4511, īȭ,  ,1
4513,, ,1
4515,, Ͷ ī並,1
4516,,̶ ٵ б ,1
4517,,±濡 ̹б⿡,1
4518,,,1
4520,,ٵ̰̻ϰ ǿ߾Ⱥ̴,1
4521,,Ȱϼ,1
4522,, óԾ,1
4524,,  â 缭ȣھտ,1
4525,,϶ű⼭Ʈߴµ ִ,1
4527,,ư ϰ,0
4529,,1 ޴,0
4531,,¥޴ ̼ Ҵ Ʈ Ƽ,0
4532,,ܿøƼ  ,1
4534,,2 ¥,0
4536,,¥ŭ  õ ,0
4537,,Դ°õ,1
4538,,̵Ͻô°źôµ,1
4539,,ūŭ  ̵,1
4541,,׷ ̸ϰ  ,1
4542,,Ƽ θԸִ õ,1
4544,,3 ¥2,0
4546,,̰Ǿణ Ʈپ,0
4548,,1ÿɸ԰ 4ÿ,0
4549,,ּ̹ѳ ,0
4550,,ϰ 缭,0
4552,,ö1ðѰŻ Ӹð,0
4553,,ݳƼ øȰ,1
4555,,ƮθԱ⿣ źθ,1
4556,,Ծ׷,0
4558,,4ֱѵ ̴ ü¾ƴ,1
4560,,°źϱ  ϶ ,1
4561,,Ծµ ſ  ÷Ѹð,0
4563,,Ʈ Ƽ  ô,0
4565,,׷ ִ̰µ,0
4566,,ũ  Ŀ   ,1
4567,,Ⱑ ,1
4569,,ġ Ʈ  ȼΰ ó԰,0
4570,,ݸԾ  Ѵ,0
4572,,5  ,0
4574,,4500,1
4576,,׷ ,0
4580, īȭ, 5 Ÿ,0
4581, īȭ,ä6000,1
4582, īȭ, ģ Ҹ ä ߿ β  ,0
4583, īȭ,湮  ,1
4588,ǹ, ;,0
4589,ǹ,¥ ִµ ʹʹ ɷ,1
4590,ǹ,ֹϰ 40 ٷ ޾Ҿ,0
4591,ǹ, ͵ ִµ ׳ ó ô󱸿 ȯϴ е ̰Ф,0
4592,ǹ,ð   ô° õ,1
4594,趱,趱  ٲ,0
4596,趱,Ÿ  ó Ẹµ ļ   ,1
4598,趱, 趱¯ָԹ  ܰ ׵   Ե ģϼż ſ ,1
4599,趱, ģ  µ Ա     ƴ  ׵  ڸ    տ  ֹ߾ܸ  ΰ ˰ ־ ٵ ڸ   ϱ ڱ ֹ ϸ ٰ ° ƴ   ƴϰ ֹϸ ȵ鿩ִ° İ ư  ͼ  ٲ ϰ  ͼ ޴  ,0
4600,趱,ģ   µ 3 ɷ ٵ ڱ   ֹؿ仡 ̷鼭 ̳ Ű ϴ  ģǰ ;   ִ°ǰ 츮 ڿ  ٸ  е   ڸ  ô,0
4602,趱,ģ  ϰ   ʹ  ð   ׳  ֹϰ ڸ ,0
4603,趱,  ٸ    Ļ縦    ¿µ ø鼭 ĺҷ  Ͻô   ݾ ׸  ȣȣ ò 鼭 ģϴ ,1
4605,趱, ð 츮  Դ ȿ ֱâ ƿ     ȿ Ѹ ׷ Ұ  츦 ٶ  ƴ ռ ִ ϵ    ޴   ,0
4607,趱, ٸ԰ µ   ִ ̶ ٸ  ,0
4608,趱,ȿ 10 Ѱ  µ  ִٴ  ̻ и   Ÿž,1
4609,趱,ƹư   ϱ  ǰ ִ  Ŷ ϴ´,1
4611,趱,ٺ  ʹ    ѳ  ð  µ  ѳ Ĺ ȭ   ִ ģ   °ǰ ׷ٸ  趱 ,0
4615,ڸ ֿ丮, ڳ̾߳ ݰɷ  18000,1
4617,ڸ ֿ丮,Ŭ   4000ε  ̺Ʈ 3000,0
4619,ڸ ֿ丮,ٿ 信 ⸧̶ ĸ ѷ ,0
4621,Ÿξ,Ÿξ   8000,0
4622,Ÿξ, 8 հ ߸˵,0
4623,Ÿξ,  õi µ ̹ ֽô   ̳°  ,1
4624,Ÿξ,ʹ 񽺷 ޾Ҿ,1
4625,Ÿξ, ε ȫ 5 ־̴ּ,0
4626,Ÿξ,ȫ Ծ   ˼,1
4627,Ÿξ,   ɸٴ  Ѵµ   Ű 5ΰ   ,0
4628,Ÿξ,      ϴ Ծµ Ⱥ   õ Ѹ  ϰ   ʱ ٶ ۰ Ľ ֽôµ ־,1
4634,  ,Ÿ  湮߾ ÿ̶  ũ Ծ Դ߿  񽺷 Ʈ ֽ,1
4635,  ,ÿ Ⱑ ¥ ϰ ,1
4636,  ,   ־,1
4637,  ,  Ʈ  Ͻô Ŷ ƿ ũġ ī ,1
4638,  ,ũ근  ġ ɟ  Ǫ  ,1
4639,  , ¥ űϰ ʹ ־ ,1
4640,  ,  ȵƴٴ ؼ ,1
4642,ھ,ھ ī 9000,1
4644,ھ,  ¥  ,1
4645,ھ, 븥  ÷ִ  Ͷ߸  ,1
4646,ھ, ֵ     ̾µ,0
4647,ھ, 븥 Ͷ߸ Ѽ   ,0
4648,ھ,븥ڶ ¥ ߾︮ ,1
4649,ھ, ٵ īε   ,1
4651,ھ,ٶ ׸ ༭ ¦  ſ ̰ ִ ̸̿,1
4652,ھ,ҷµ ̶ ī ߰ ȴٰؼ װͱ ԰Ȥ,1
4653,ھ,㿣 ⼭ ũ¼ Ծ,1
4657,ȫ, ¥ â    Ʋ 1ϰ ׷µ   ķ ó ôµ־ָ Ҿʹ,0
4659,ȫ,ù°   5 ǵ    ׳ Ĭϻ쵵 ְ 鼭   ¥  찡 ҳפ ̷鼭 Ծµ,1
4660,ȫ, ׳    ִ° ,1
4661,ȫ,츸 絵 ٰ,0
4662,ȫ, ġΰ  ޶,1
4663,ȫ, ⺻ Ű ߱ Ư ĥ ˽  ¥ ̾µ  ϰ ֹ ٲ  ֹſ ϳ  ,0
4665,ȫ, ʹۼ ó° ֱٶ,1
4666,ȫ, ֱؼ      ޶ ʹ ٻ쵵   Ȥ ⸻ ٸ  ۷ ˷ָ ſ մϴ,1
4668,ȫ,չٿ   ſ,0
4670,ȫ, ׳ Į ߱ ҽ   ,1
4671,ȫ,7000ε ׳ ٸ  ,0
4673,ȫ,չٿ ,1
4674,ȫ, ´ٸ θ  ,0
4676,ڸ ֿ丮,ڸ ֿ丮 ñؼ  ô,0
4677,ڸ ֿ丮,ģ    3ÿ µ 극ũ Ÿ̾ ٵ  ָӴ в û  ׳  ϼ̴٤ФФ ˼ϴٰߴ Ĵ 극ũ  ΰ  ˼ϴٰ ֽɤ̤,1
4678,ڸ ֿ丮, ũ ¥ٰ ϴµ § ƴϾ   § ƴϰ ְ Ծ ũ  ص ɵ ⵵ ε巴    ִ ֹ ¯־,1
4679,ڸ ֿ丮, ׸ Ÿ νùݱ ׷ ð ̹  ־µ 츮 ׳ ΰ ̴ּ ѰФФ 1ȣ ̱ʹٱ  ʹ޶ Ͻô󤻤 Ĵ 鼭 ̷  ó̾Ф̤̤̤ ְ,1
4682,ȫ,Ѹ,0
4683,ȫ,Ѱ,0
4684,ȫ,ģ,0
4685,ȫ,Ѽ ſ,0
4686,ȫ,ѵϴ̹Ƿ  Դ°,0
4687,ȫ,Ѹĵκηι ,0
4688,ȫ,Ѱ,0
4694,ڸֿ丮, ִ ڸɾ߽Ĵ翡 ٰ,0
4695,ڸֿ丮,ȫʿ 2ȣ ߴٰؼ ѹ ôµ 1ȣ̶ ޴  Ȱ  ٸž ִ,1
4696,ȫĿ,ȫĿ  2500,0
4697,ȫĿ,꾾  ߵ󵵸   ִµ Ŀ 6000 â г ϴ Ʋ꽺  Фйۿ  ϰ ־µ ȫ԰ ö°   ,1
4698,ȫĿ,ô ޲ũ ġ ణ Ȳ Ŀõ   ,1
4700,ȫĿ,K  ణ øŰ   ũ⿡  ٵ   ϰ ƴϱ ؿ  ణ ,1
4702,ȫĿ,õû ÷ ̳,0
4703,ȫĿ,ٳũ丸鶧 ִ°Ŷ ̾µ,0
4704,ȫĿ,÷  ¦   ,0
4705,ȫĿ,꾾   ѵ  ʹ ٺ  13     ؼ  ֹ    Ϲݻε ϰ Ƶ鿩  ,1
4707,ȫĿ, Ա  ΰ̰ ڱ Ŀ  ϴ Ա   ׳ Ծ Ҹ ƴ īÿ   ȭսô,1
4709,ڸֿ丮,ȫ ڸ ֿ丮,0
4710,ڸֿ丮,  3,0
4711,ڸֿ丮,  ִ  fµ   ִ  Ⱑ  ,0
4712,ڸֿ丮,Ÿ  ¥ٰ ޴µ  Ը ,0
4713,ڸֿ丮,ɵ    ũ Ҵ٤,1
4714,ڸֿ丮,ť ģ ״µ Ÿ  кϴŶ ٸ   ϴ  ٻε,0
4715,ڸֿ丮,ῡ ϱ    ణ ӻϼ  ģϽŴ,1
4716,ڸֿ丮,۰ ð ϴ°   ϸ õ  ֽŴ,0
4717,ڸֿ丮,    Ź ø,1
4718,ڸֿ丮,  Ÿ ڸ ̶ ö淡  ¥ Ű ־ ø°ǵ  ؼ,0
4722,ȫ ÿͼ,8000̶ 10000¥ ִµ  ̴  ä  ,0
4723,ȫ ÿͼ, ä Ⱦؼ   8000¥  ,0
4724,ȫ ÿͼ,۰ ȸ̶  Ѵ ε,1
4725,ȫ ÿͼ,  찡 ε,1
4726,ȫ ÿͼ,ȫ ֺ  Ĵ  ߿  · Ѵ ,1
4730, ,1 ı,1
4731, ,ٽø  ı  ̴ְϱ ˾Ƽ  ؼϽñ⸦,1
4735,ϸƼ, Ƭ ٰ ݾƼ ϰ ôµ  οФФ ,1
4736,ϸƼ, ۰ 鼭 ִ°  Ĭ µ ϴ Ĭ  ʹ Ǹ߾ ,0
4737,ϸƼ,ƹ Ѹ̿ ܿ ִ° ó̿ ,1
4738,ϸƼ,׸  䤾 Ĭϸ   ε ׷  Կ ʹʹʹ ϴ,1
4739,ϸƼ, Դٰ ˹ٺ ¥ ģϼ ,0
4740,ϸƼ, ٸ    帮  ޶ ؾϴ ε ڸ ġ ؼ ʿ   ⵵ ʹ  ˹ κ մԿ ̺ ɾƼ ڸ԰ ٶô   ޶ ϸ ٴµ Ǫ  ּ ,0
4741,ϸƼ,ٴڵ  ȴ۴ Ÿ ¥ ˹ٺе 񽺰 ־̿  ٽ ȰſФ,0
4743,ڸֿ丮,ť꽺ũ 10  085,0
4745,ڸֿ丮,ݿ  6ù µ ƹ ̤,1
4746,ڸֿ丮,Ļð  ε ִµ   ũ ¥ ε巴 ־ ϴµ,1
4747,ڸֿ丮,    Ǵ  ÷Ǿ,1
4749,ڸֿ丮, ũ  ɵ װŵ,0
4750,ڸֿ丮, ȸ ϴµ   ε巴 񸰸    찰 ,1
4752,ڸֿ丮,ݿ  Ĵ簡     ư ־  㿡 ɷ Ѹ   ޴ִ,0
4753,ڸֿ丮,ư ̰ пԵ,0
4755,źź,źź  ʰ,0
4757,źź,ƽԵ   ۿ ,0
4759,ö,ö  ,0
4760,ö,Ĭ 2ð ,0
4761,ö,  16000  20000,0
4762,ö,ֵ Ƣ Ҽ 5000  ؿ,0
4763,ö,ȭǵ  иǾ ־ ƿ,1
4764,ö, ǰ ģϽð ȫ̶ ϸ ޴  Ĭϵ ֽð  ìֽ÷ ϼ,0
4766,Ͽ,Ͽ   Ұ 8000,0
4768,Ͽ, ѵ  Դ   лȸ Ĵ ̿ϴ ȥ䷯μ Ĵ ʴ  ȥ    ִ   ׷ ã ,1
4770,Ͽ,    ִ  ,1
4771,Ͽ, ɲ ѵϳ  Ĵ   ѵ,0
4773,Ͽ, µ ð 10̻ ҿ,1
4774,Ͽ,Ұ⸦ ٷ ִ ,0
4775,Ͽ, żϰ ӿ ä ̽,1
4776,Ͽ,  ݸ κο Բ   ϰ  ,1
4778,Ͽ,ɽð   ȥ ԱⰡ ߴ  Ҿ,1
4780,Ͽ,   8900 ,0
4781,Ͽ, ޴ ԰ ϵ  Ծµ ׶   ߴ    Ÿ,0
4782,Ͽ,    췯ְ 䵵 ־,1
4783,Ͽ,̰ 5оȿ  ,0
4785,Ͽ,𸣰 ׸ ִ ͻ ѹ̸    񺭹ȴµ  ̰  ־  ô ,1
4787,Ͽ,Ѵ  ־    ,0
4788,Ͽ,е ñ⿣   Żе ñ⿣  ڶ ߰ Ǵ 𸣰ڳ׿,1
4792, 쵿,ġ 쵿 ٱ淡 湮,1
4794, 쵿,9500      ߸Ծ ڶ Ƣ ״µ    Ƣ ġƢ̶°ǵ 㿣 Ƣ Ծ٤ ̺ Ƣ ϱ  븸ؼ  ,0
4796, 쵿,丶 ؼ Ҵ,1
4798, 쵿,   װ  ̻,1
4801,ش̺,Ѹ,0
4802,ش̺,Ѹ޸,0
4803,ش̺,ѻƢ ʹƢ,1
4804,ش̺,Ѵٸ  ,1
4805,ش̺,Ѿ ,1
4806,ش̺,Ѹſģ,0
4807,ش̺,Ѱ,0
4808,ش̺,ѹ ,1
4809,ش̺,ѵΰ õ,1
4820,ũ, ī  ƸƮ ϰ  īε ,1
4821,ũ,ī ڰ ⵵  մ ʹ   ̷  ÷ϴ ФФФ,1
4822,ũ, ̰ õ  ϰ ŵ ʹ ŸФФФФ ׷ 絵 ī ׸  Ӱ õϰ 輼,1
4824,ũ,ο ̸ Է   ȵ ī信 ,0
4825,ũ,ɵ   Ľ ̿    ,1
4826,ũ,Űſﵵ ־ λ ⵵  ϸ ⵵ ƿ δ ׳ ð̴ ɾƼ  ϱ⿡  ϴ  ϰ Ż糳 ʾƼ õ ,1
4828,ũ,  ģϽð  ִ   ôϱ ѹ ּż  䵵 ֽø  Ͻǰſ ,1
4829,ũ,Ȥ Ʈ ī並   ̶ ѹ     ϰ ִ ð ȫе ø   ìܵ帱Կ ,1
4831,ھ,ھ  Ʒ 9000,1
4832,ھ,ܸ ؼ ؼ θ Ծ,0
4833,ھ,ٸ ī ¥  丮Ĵ ε,1
4834,ھ,   ,1
4841,, ó  2аŸ ó ø꿵  ؼ     ,0
4843,, ְ ÿ̳ 󽬰  ࿡ ȴ ĵ  ־,1
4845,, ܱε ѱ  ϸ鼭 ģϽ  ĵ ־ õմϴ,1
4847,ż,ż ,0
4848,ż,⸸ Ͼµ,0
4850,θ,θ ߰   7900,0
4851,θ, 尡  ִµ ʹ Ѱ ̾ߤФ ̰  Ѱž 忡 Ưϰ ̶̹  ׸ 丶  ø갡 ־ ־,1
4852,θ,ʷϻ 巹 ٵҽµ  ʰ  ̶ ʹ   ־  巹 Ȼѷ Դµ ѷ ,1
4853,θ,尡   ȵ  ġ ϱ ѹ Ծ,1
4855,,  ϴ,0
4857,, Խǿ  ı  µ,1
4858,,淡 ÷,0
4860,,,0
4861,,  ϳ 3000,0
4862,, 1000,0
4863,,׸ 佺Ʈ 20003000,0
4865,,ġ ܹ  ڳֱ ,1
4866,, ֹϸ ̶  ּ,0
4867,, ĺ,0
4869,,ǽϽʼ ӴԾƹ ,1
4873,ȫŸ̷ ,ġȫ Խ  ,1
4875,ȫŸ̷ ,±  50 Ѵٱ淡 ôµ ,1
4876,ȫŸ̷ ,Ӽ ñ,1
4878,ȫŸ̷ ,ٵ   ٵ κΰõȰŶ    ־   ־ Դ°  ־    ְ Ծ ФФФ,0
4880,ȫŸ̷ ,۰ δ ߱̾߱ٵ ѱ Ͻ ,0
4881,ȫŸ̷ ,׷  δޱġ ߰ ̷͵  50 ֽô,0
4882,ȫŸ̷ ,Ծȿ 뷡͵  ׷  ,0
4883,ȫŸ̷ ,ٵ ¥ վ,1
4884,ȫŸ̷ ,1ܰ Ծµ   ƴϰ ,0
4885,ȫŸ̷ , ѷ ҽ    ,0
4887,ȫŸ̷ ,¥  վ۰  ñ,1
4889,ȫŸ̷ ,Һ   ġ ΰ ߰ ߴµ ,0
4890,ȫŸ̷ ,5800 Ծ ,1
4892,ȫŸ̷ ,۰ 䵵 񽺷 ִ,0
4894,ȫŸ̷ ,۰ ҽ    ִµ  Ծ¥ ־,1
4895,ȫŸ̷ ,ҽ ߱⸧  ҽ  µ ,0
4897,, ,0
4899,,ġŲø 8000,0
4901,,׻ ϸ Դ´,1
4903,369Ȱȸ,3㿡 15 Ÿ  369Ȱȸ,0
4904,370Ȱȸ,ù°   16000  10000        ø,1
4905,371Ȱȸ, ȸ ΰ żϰ   ־   ̶  ͻ  ͻ  ׷ ȸ ־,1
4906,372Ȱȸ, Ѱ  ǰ 翡 ޶ Ծ ǰ ģ 簡 ǰ Ƽ    ,1
4908,,  9000 Ե 8000,1
4909,,  ¥   Ը  ε   ü   ׸    ɵ Դٰ  ٸ ޴  Ծôµ ʹ ¥ §   Դ  ɵ Ծ ɵ  ٵ  ö,1
4911,ưk,ư ī12000ݸ߰1000ڳӽ1000,0
4912,ưk,ī Ծ ;µ ī  ΰ     ٰ ¼     ־ ä    ãƺ µ  ִ ä  ⳻   ε巯 ׳ ׷ ݸ  ̴ Ƣϱ ʹ ִ ׸ ڳӽ ־ ϰ ޴ϰ ູ,1
4913,ưk,  Ƽ θ  ȣ   ־  ׷     ־    Ų ,0
4914,ưk,⵵     Ĵ ְ   ޹ ÷ ؼ  ,0
4916,ڹġ,ڹġ  ݹݹ 7900   1300,1
4917,ڹġ,ũ Ų    ǰؼ  ߸ ֹ߳ ׷     𸣰ھ Ƹ 䰡ݹݹ ƴұ,1
4918,ڹġ,  ϱ  ü ݾ ȴ   ǳ   ѻϱ ߴµ  6ù ϱ  ۿ ,0
4919,ڹġ,ε巴 ְ   ҷ  ī ó Ծµ Ǵ   ְ Ĩ  ༭      ֱ鼭  ԰      ޾Ƽ  ,0
4923,귣,ȿøٰ,1
4924,귣,ؿ  ϱ淡 ,0
4926, ս, ս ı,0
4927, ս,Ѹ  Ʈ 15000 Ծ,1
4928, ս,ణ Ҷ ġƴ ġ ֽɳġ϶ µ ù° Ҷ ģϽôٰ ιʹ ǥ  ֽð ұ ִµ װ͵  ̶ ι Ծµ ǰ ǥ Ťбٵ   ġ     ƿ ϸ õ ֵ,1
4930,귣,̸Ʈ 귣 ñ״ó Ʈ ״µ,1
4931,귣,ȿ 빰 ̷ 混ϱ ֽϱ,0
4933,귣, ҽ Լ  ϰ 帣 ǳϰ  Ű ׸ ,1
4935,귣, ,0
4937,귣,귣  ŷ  ı⿴ϴ,0
4939,Űͷ,Űͷ Ƽ 4900,1
4940,Űͷ,ΰ ͻ µ ޾ ,1
4941,Űͷ,󶼰 ִٸ ̷ ϱ  ¸ ǿܷ ̻ ׸   Ʈ̽,1
4943,ھ,ھ  ʰ 9õ,1
4947,νĴ,Ÿ  Ͽ ɸ ٿԴµ  ¥    ̾ƴ϶  ̾ ,1
4951, Ÿ,Ÿ õ 淡 Ÿ ȥ ϰ ,0
4952, Ÿ, ĵ̷μ  տ  ϴµ  ׷ ڱ  ƴ,0
4953, Ÿ,̰   ΰ   û Ѱ   Ǵ⿡   Ⱥִٰ ؾϳ δ ̰ſ,0
4954, Ÿ, ׷  ʾƼ  ʽڵ鿡  õ ,1
4955, Ÿ,  û ģϽð   ƺ,1
4957, Ÿ, ٵ տ̳ ȭǪ    Żε Ф,1
4958, Ÿ,  ԰  ˼,0
4961,ʹ,ġī̾߿ Ƕ ,1
4962,ʹ,ī̾  ֱ淡 ,1
4963,ʹ,ɵ 9500,1
4964,ʹ,ؿ ҽ   ̽ ƴ ̼ҵ ̽  ο  ϴµ ð  ɸ,0
4965,ʹ,δ Ǵ ־,1
4966,ʹ, ޽þ߸ŭ Ϻ  β ϰ   θ ξ,1
4967,ʹ, ִ ̼ 屹 ʹ ־ ﻷ,1
4970,ο칮,ī  2500,1
4971,ο칮,ũ ߷γҲ ƿƮ ¿ϸ,1
4972,ο칮,˸,0
4974,ھ,ھ þ  ī Ծôµ   ޴  ¦ ѵ ũ     9000   ̶ ī  ߰ ,1
4976,ȫ,߾߾ ֵ ȫ 𵨸ؼ  ߴµ  ̴ܸ ,0
4977,ȫ, ̶ ٿ ,0
4980,Ͽ Ÿ , ޴  Ȱƿ,0
4981,Ͽ Ÿ , ϱ淡  ó ôµ ʹ ģϼФ,1
4982,Ͽ Ÿ ,ȥ  2μ ɾҴµ   ŵ ȴٰ ϰ 񽺷 꽺 ּ̾Ф,0
4983,Ͽ Ÿ ,  ϰ  ־,1
4984,Ͽ Ÿ ,ٵ  ,1
4985,Ͽ Ÿ , ɽðε    ĵ ݹ    ƿ,1
4989,, ħ       ,0
4990,,Կ  ޴ Ⱦ ô ϸ鼭 ü   ʾҴ ,0
4991,,   Ӹ ӿ ø    ֹߴ ,0
4992,,׷   ɺ ֹ ϴٴ  ƿԴ ħ    ʾҴ ̴ ,0
4993,,  Ϸ縦  ϴ  ƽϸ  ġ 佺Ʈ  ֹߴ,1
4994,, 佺Ʈ  İ Ҵ ÿ ä ƻ  Դ  ɽ ʾҴ Դ        ƽ̴ ,1
4995,,   ̰şm    ܷõ  Ը  丮    Ǿ,1
4996,, ħ   Ϸµ Բ    ̴ ,1
4997,,   մε ٸ  ԰ ° ̾ؼ ׷  Բ ,1
4998,,Կ     ģ ̾     Ͽ ־ ϱ   Կ ø   ,1
4999,ǹ,ξ ׸Ƽ 39,1
5000,ǹ,ڽ 42,1
5002,ǹ,ȰƼ    ,0
5003,ǹ,ѿ  հ ;µ,0
5004,ǹ,Ͻ÷ ؼ ,1
5005,ǹ,   ,1
5006,ǹ,ڽ     ,1
5007,ǹ,  ϴ  ,1
5008,ǹ,42ѰŰѴµ ̽   ְ ״ ȺѰŰ,1
5010,ȫĿ,Ÿ  ȫĿ  ٽ״µ ¥ Ŀ  ũٰ  ߴ ͺξ Ǿ ,1
5015,ε , ¸  ⸧  ,1
5016,ε ,,0
5017,ε ,ѳ  ,1
5018,ε , ٸ  ɽѸ д,0
5019,ε ,ѵ⸧ ޸,0
5020,ε ,  ,0
5021,ε ,Ѻ,0
5022,ε ,ģ,0
5023,ε ,ѳ,0
5024,ε ,Ѱ 710,1
5025,ε ,Ѽֵ,0
5027, ش̺, ش̺ Һε õΰ õΰ,0
5029, ش̺,޽Ŀ Դ Һε ϰ ״µ  ٸ ̾,0
5030, ش̺,ణ ī  § ־ ,1
5031, ش̺,    亸 ҽ   ,1
5032, ش̺,  Ⱦϴµ   ִ  ־ ,1
5033, ش̺,¥ ġ ¥ ֽð ̴ ϸ  ּ̾,1
5035,ڸ ɾ߽Ĵ,ȫ  ڸ ɾ߽Ĵ ٿԴµ  û ,1
5036,ڸ ɾ߽Ĵ, 9000¥ ɵ,0
5038,ھ,ȫ  ھ ٿԴµ ִ,1
5039,ھ,μ ִ ,0
5043, ش̺,Ÿ ô,1
5044, ش̺, ī Ծ ī 7õ  2õ  11000ġ̴,1
5046, ش̺,   Դ ī ϴٰ ϼż ߰ ΰ Ű ;µ ϳۿ Ű ϳ ſ ״,0
5048, ش̺,ſ   ̰ Ա⿣ ʴ,1
5050, ش̺,츮   մԺʹ ī  ư,0
5052, ش̺,˹ٴ Ļϴµ ŷӰ ص ˼ϴٸ ĵ ̴ּ,1
5054, ش̺, ,0
5057, ߵȸ, ģ  ѹ Ծϱ    ׷淡  µ  Ծ  ö̰  ,0
5058, ߵȸ,ٵ ָӴ ϴϱ ̾ϴٸ鼭 ٷ ٽ ֽð 񽺷 ݶ ּ,1
5059, ߵȸ,ȯ  ߾µ Űũ ȯҹޱ⵵ ŷοŰ ð 󸶾  ٽ ֽŰ ԰,0
5062,аμ,Ÿġ 4500,1
5063,аμ,ƿ̵ 5000,1
5064,аμ, ̵尡 ¦  ŭ ϴ ,1
5065,аμ,Ÿġ ޴ϱ  ƴ  ,1
5066,аμ, ߵ ð  عٶ ϱ ,1
5070,ٸ ,û Ŀ ٸ    ½  ԾѴ,1
5071,ٸ , Ƽ ұ 𰡰 ¬©ϰ  ְ ְ  ̶ Ҵ,1
5072,ٸ ,3000ġ  ū  Ƽ ,1
5073,ٸ ,   θ   ѳ մϴ ,0
5074,ٸ ,б   ݹ ͼ ,1
5077, žپ,¡Ƣ 쵿 Ʈ 7500,0
5079, žپ, ʸ Ƣ û ʱ  15 ,1
5082, Ÿξ,ȣȣ̿ 2,1
5083, Ÿξ,ٰ Ƽ ׳ µ  ѵ մ ̾  ,1
5084, Ÿξ,  θ ,0
5085, Ÿξ,Ľ 丶  ϳ ,0
5086, Ÿξ,  ־ 䵵   Ķ ־ äԴ±̷  ,1
5087, Ÿξ, ׳   𸣰ڰ   湮ǻ   Ծž,1
5091,ڸ ֿ丮,ť꽺ũ  8500,0
5093,ڸ ֿ丮,1ȣ ִٴϴµ 1ȣ  Ͻŵ,1
5094,ڸ ֿ丮,1ȣ̶ ū  ,0
5096,ڸ ֿ丮,Ŭ ƿ  ȿ ִ,0
5098,佺Ʈ, ī   佺Ʈ,0
5099,佺Ʈ,  ǳ ִ ,0
5100,佺Ʈ,ư Ը  ε巴 żϰԴ,1
5101,佺Ʈ, ䷯μ  ¥  Դµ ⸸ŭ  ̽ϴٰ  µ ,0
5103,佺Ʈ, ׸ ,1
5106,Ҹ ȫǻŸ,   µ    ٲٰ  ũ 䱸 ʾҴµ  ᳪ ũ ᳪ   ̷ ؾ ִ ׷ ߾ ,0
5107,Ҹ ȫǻŸ, ̷ ϴ°  ,0
5109,׷κ 177, ƿԾ,1
5110,׷κ 177,߳׿  å Ϸ б ٴϷ װڽϴ,1
5111,׷κ 177, ׶ û    ݵ ûΰ ־ī Ұմϴ,1
5113,׷κ 177,    θ  Ǽ  ó    ī,1
5115,׷κ 177,Ŀ ̽    Ŀ  õ 2 ϴ  꽺    ִ   Ʈ  ׷ 座 ̽   Ʈ ÷Ʈ ϴ  ̽ũ  絵   ʰ   ʴ´ ü  ޴ ֹص а  Ǹ ʴ´,0
5117,׷κ 177,׷κ 177 񽺴  ּ ϴ 񽺴 ǿ  Բ ڸ 30 ϴ 񽺶 Ѵ ֳϸ  ϼ  ϴ  ʰ  ʴ ͵ ߿ϱ ̴,1
5119,׷κ 177,ֹ        ϴµ űϰ      ʴ´ ¼   νε,1
5120,׷κ 177, ,1
5121,׷κ 177,ī  ڿ ۾ ģȭ ̺ ܼƮ  ִ ̴ ְ  ƴϰڴ°,1
5124,׷κ 177,ֿ  ޴ 57õ ̴  īġ  ִ     Ⱑ ִ ȿ ϸ  ̶     Ư ޴ Ư   ͵ ƴϰ   ͵ ƴϴ    Ѵٸ    ϰڴ ,0
5126,׷κ 177,  ġִ Ǽ      ߵ  ġִ  α  ָ 󸶵 ʾ ü ϰ  ȱ⿡  2ȣ ̿ ȫԱ ߰  ġ ִٰ ϸ ǰڴ ,1
5128,׷κ 177, Ÿ 忡 ϸ    ã 쳪  ణ   ִ,0
5130,׷κ 177, ƴ ī䰡   ִ ְ ȿ شٰ Ѵ ٵ  ǰ   ̸̺ ڰ  ̴ ȶ ׳ ڵ ִ ,1
5132,׷κ 177,ȭ ûϰ     ׸  Ǿִ  е Ǿ  ȭǵ   20ִټռ      ,0
5134,׷κ 177,ٵ ۾ ȸǿ ģȭ  ش ܼƮ  ְ  ü Ĺ ҿ ġִ  ġ  ߷ ̱⿡ ȭϱ⿡ ϴ ٸ δ  ̵ ణ    ִ    õǾ  ʴ,0
5137,׷κ 177,1ٴ ణ    ̿ ġִ ī 2  ̴  ׸   ִµ īʹ    ,1
5139,׷κ 177,ƹư ī ̴ â    帣     ִ  Ҹ     췯  Ʈ Ḧ ޴ Ŵ  е ǥõȴ ,1
5141,׷κ 177,ī ׷κ 177 ȭϱ⿡ ۾ϱ⿡    ī    ǿ̸鼭  ִ ⸦ Ѵ ,1
5143,׷κ 177,  ǿ ҿ ķ ڰ ġǾ ְ     Ű ǰ   ִ  ϱ⵵  ̴ αٿ Ǽ  Ǿ ־ ȴٰ ⿡  ٸ ī鵵   ׷ 177ٴ   Ǽ  뷱 ϼ  ,1
5146,׷κ 177,    ȭ ǰ    ī      ȿ  Ͱ  ʹ ò ʹ  ʾ ۾ϱ⿡ ȭϱ⿡   ,1
5148,׷κ 177,׷κ 177 ԰  ΰ ˾ ڴ,1
5150,ö, Ĭ ö,0
5151,ö,  16000̱ ڴ  ȳ,0
5152,ö, ¥ ûû ģϽñ Ĭ Ƽ ¯,1
5153,ö,  ߵ ,1
5154,ö,2ð 츮 ̺ۿ ,1
5155,ö, ¯  ֽɤ,1
5157,ǽŹ, ǽŹ ٳ,0
5158,ǽŹ,⺻ Ծµ ־ Ե ģ,1
5159,ǽŹ, ܰմ̶ ̾߱ϴ° ϱ  1޵ ȵƴµ մԵ ̿ͼ  󶳶 Ͻô° 󤾤,1
5161,ǽŹ, ȫ̶ ϴϱ    ̾Ƽ ׳  ȫ մԵ鲲 ʹ ˼ߴ ϼ,0
5163,ǽŹ,ٵ Ȯ մ ̴ µ µ 20 ɸ,0
5165,ǽŹ,Ƣ  ִµ  ѵ,0
5166,ǽŹ,ũ ִµ ణ ӤФ,1
5168,ǽŹ,  ,1
5171, ø,߼ 3㿡 ־ؼ ¸ 尬ٰ 鷶,1
5172, ø,¡Ƣ  Űžؿ ¡ հ ΰٿ β 絵 ¯ƿ,1
5174, ø,ȥڰٰ ݵԾ  ,0
5175, ø, 3000,1
5176, ø,3500,1
5177, ø,¡Ƣ3000,1
5181, ǹ, ,1
5183, ǹ,ӽŴ  ִ ϰ ڱ ̾ ɷŴ ϰ ε巯 ̾ ,1
5185, ǹ, Ұ Ʃ Ͽ̾ Ÿ Ծ ,0
5186, ǹ,  ʹ,1
5190, , ɷ ÷ ,0
5192, ,ִ,1
5193, , Ӷ  ڱ ʾ,0
5194, , Ҵµ,1
5195, ,ݵ ĽŸ ¥  ̾ϴ,0
5197, ,̵ ī  · ø ̱  ϰڽϴ,0
5198, ,׳ հ   ̸ ˸ ;,1
5201, 쵿,ġ ︲ұ,0
5202, 쵿, 89õ,0
5203, 쵿,޴ ع쵿 쵿 ÿ쵿  쵿,0
5205, 쵿,ÿ쵿 Ծµ  ʱʱϰ 쵿 ÷ִ Ƣ赵 ־,1
5207,Ϳڳ,Ϳڳ 6000  ƮðƢ2000,1
5209,Ϳڳ,ƿ丮  ڳ  ,0
5211,Ϳڳ,ڳĴ   ̸ θ  Դ  14   Դϴ ۾ƺ ġа ҽ  ѵ Ļ 뵵  ؼ ̳  ַ  ƴѰ,0
5213,Ϳڳ,Ʈ  巹   ä żؼ ҳ׿ ,1
5215,Ϳڳ,Ƣ 2000ε ׳ ִ Ƣ ,0
5217,Ϳڳ, ־  ģ   Ϸ մϴ   ʰ µ ֹȣ 18ۿ ȵż ϴ    ÷,1
5220,ȫ ī,Ÿ  淡 ẽ,0
5221,ȫ ī, ٷ  Ǫ  2     ȵż ׷ ƹ µ  Ծ ־,1
5222,ȫ ī,ó   Ե ģϽñ,1
5223,ȫ ī, īε  ī ,0
5224,ȫ ī,7500 絵 ߾ ٸ ī޴ 89õ  ϴ,0
5227, ,3㿡    ,1
5228, ,180 4800 ӹ߰ 500,0
5229, ,ѵ  ,1
5230, ,ڱ θ,0
5231, ,ןƿ ,1
5234,,ġɷ÷,0
5235,,10000,1
5237,,źᵵ Ѹ̰ ־,1
5241,Ʈֶ, Ȱ,1
5242,Ʈֶ,⵵ ־µ ĽŸ 尡  ̾,1
5247,, ̿  Ƽ,1
5248,, ϴ    ݴ   ,1
5249,,ģ ġ޴ ߽ϴ ġǸ ⺻ 丶ĽŸุõ,0
5250,,     ִ  Ƽ 켱   ġ޴ ̶ ݿ ؼ,1
5251,,ƽ  ־ϴ   ⶧ ݴ밡  Ǵ    ־ϴ,1
5252,,ġ޴ Ĵ  ޴  Ǵϴ°  Ȯϴϱ   ġ޴ Դϴ,0
5253,, ٸ   ݴ ٸ    ϱ     ĽŸԴϴ,1
5254,,Ȯ ĽŸ ԰ Ĵ    ־ϴ,0
5255,,ǰ ̶ Ծ ĽŸ  ͼϰ ,1
5256,,ҽ Ư¡̾ϴ   ĽŸ鵵,1
5257,,ҽ  ߾,1
5258,,    丶並  ҽ   Ҿ ׷ ڱ  ȣϽô е鿡Դ,0
5259,,ζ     ƿ,1
5260,,̸ ź е ƽð ڱ   ʽϴ ׷  ַ ϴ Ĵ̱ ,0
5261,,  ǰϰ ణ ɽ  ִ  ϴ,1
5262,,̸  ° ƴ̻ ġ޴          Բ,1
5263,,İ Ѻ Ѻ ǰ    ʾҽϴ ǵ  Ϸ  ,1
5264,, ַ¸޴ ԰ ı⸦ ܺڽϴ ,0
5267,κ,ռ  ĽŸ   ִ ͼ ĽŸԴϴ   ĽŸ Ҵµ,1
5268,κ,89õ   ִ   մϴ,0
5269,κ, ظԴ    ڱ ,1
5270,κ, ʾҾ ĽŸ ԰       ƿ ٸ    ʾҽϴ ٸ ĽŸ ؼ ణ  ̾,1
5271,κ,ũ 丶  82    öԴµ   ʾƼ      ϴ,1
5272,κ,׷ Ϻη  ϼ  ,0
5281,, ,1
5282,,⺻ 䵵 ְ ߸԰ ׳ ̸ ,1
5283,,ٵ ûᳲ  ̰  ǳʸ û հó  ŸӸ   ԰ ־   Ⱦܺ ι̳ ǳʾߵŤФ,0
5284,,ٵ  ܼ Ⱕ,0
5285,,ȿ 쵵 °  ⺻  ̴,1
5286,,ݸ ԰ ı⾵  Ծ 빰  𸣰  ñġ   ܹ ﳪµ   ִµ ȳ,0
5287,,ư  õ  ģϽð  20 30 ִ Ծµ ־  ູ,1
5289,߰,ǽī տ ܼ ôµ  ƾ,0
5290,߰,̼״µ ׳ ర淹 ִ° İߴ ٰŶϸ鼭 ε淹 ׳ Ծµ ̺ ѹ ֱ淡 ε   γİ ߴ ڱ ߸ذŶ ׶ ϳ׿ ٵ ׷鼭  ,0
5291,߰,ó г ׷ 𸣰ڴµ 𰡷 ſµ ͼ ٽ ; ̾,1
